股票代號,前第5天,前第4天,前第3天,前第2天,前第1天,後第1天,後第2天,後第3+天,後第4天,後第5天
6153.TW,+3.32%,+3.10%,-1.04%,+0.82%,-1.50%,-1.50%,-0.12%,+2.82%,+0.23%,+0.57%
8261.TW,-0.18%,-0.37%,+0.37%,+1.29%,-0.18%,-0.18%,-2.55%,-0.94%,+0.57%,+1.88%
6205.TW,+2.08%,-0.58%,+2.05%,+5.16%,-0.14%,-0.14%,+2.32%,+6.40%,+0.25%,+0.00%
1789.TW,-2.03%,-0.97%,+1.67%,-1.23%,+0.42%,+0.42%,-2.90%,+1.42%,+0.56%,-0.14%
911608.TW,-1.02%,+0.00%,+1.03%,-0.68%,-0.17%,-0.17%,+4.29%,+0.00%,+1.64%,+1.46%
3044.TW,+0.00%,-0.88%,-1.06%,-0.36%,+1.62%,+1.62%,+0.35%,+1.06%,+0.52%,+0.52%
3011.TW,-1.43%,+0.48%,-0.96%,+3.40%,-1.41%,-1.41%,-0.95%,+6.73%,+1.80%,-0.88%
4961.TW,-0.39%,-0.96%,-2.81%,-1.57%,+1.58%,+1.58%,+0.02%,+2.37%,-0.58%,-0.49%
2012.TW,-1.17%,+1.18%,+2.72%,+3.03%,-1.47%,-1.47%,+0.00%,+0.75%,+0.37%,+1.85%
8114.TW,-0.99%,+0.67%,-0.33%,+2.00%,+2.29%,+2.29%,+1.92%,+0.31%,+1.25%,+6.79%
8028.TW,+0.00%,+0.00%,+0.00%,+0.00%,+0.00%,+0.00%,+0.00%,+0.00%,+0.00%,+0.00%
1802.TW,+1.09%,-1.62%,-2.01%,-2.23%,+0.76%,+0.76%,-0.38%,+0.57%,+0.00%,-0.38%
9938.TW,-2.93%,+1.44%,+0.26%,+2.45%,+2.77%,+2.77%,+1.71%,+1.44%,-0.71%,+6.93%
2408.TW,-1.50%,-6.95%,+4.19%,-0.35%,+0.18%,+0.18%,+0.70%,+2.61%,+1.86%,+5.49%
2504.TW,-0.47%,+0.47%,+0.00%,-0.47%,-0.94%,-0.94%,+0.48%,-0.47%,+0.00%,-0.48%
2395.TW,+2.54%,+0.25%,+0.00%,+1.98%,-0.24%,-0.24%,+0.24%,+0.97%,+0.96%,+0.24%
3050.TW,+0.15%,+2.79%,+0.29%,+0.85%,-0.85%,-0.85%,+0.14%,+0.28%,+0.43%,+0.28%
6176.TW,+0.86%,+2.56%,+1.67%,-0.41%,-1.23%,-1.23%,+0.00%,-0.42%,+0.00%,-0.42%
2101.TW,+0.39%,+0.00%,-3.78%,-1.36%,-1.10%,-1.10%,-0.42%,+0.42%,-0.42%,-0.14%
1612.TW,+1.40%,+1.38%,-0.45%,+2.28%,-0.45%,-0.45%,+0.00%,+0.00%,-0.90%,-0.45%
6446.TW,+0.06%,+15.34%,+1.28%,-4.12%,-0.89%,-0.89%,+2.58%,+0.98%,+0.83%,+6.96%
2374.TW,+0.00%,-0.96%,+0.72%,+0.72%,-1.43%,-1.43%,+0.97%,+0.96%,-0.71%,+0.00%
1443.TW,-1.57%,+1.59%,-0.91%,-1.45%,+0.53%,+0.53%,+1.46%,+0.00%,-0.39%,+0.00%
2025.TW,+0.47%,-2.56%,-0.95%,-0.24%,+0.48%,+0.48%,-1.20%,+0.24%,+0.24%,+0.73%
6141.TW,-0.82%,-2.89%,-1.28%,+2.59%,-0.84%,-0.84%,-0.42%,+0.85%,+0.84%,+0.84%
5243.TW,-0.51%,+1.02%,-1.51%,-1.74%,+0.62%,+0.62%,-0.62%,+3.96%,-1.00%,+0.00%
2303.TW,+1.91%,-0.75%,+0.00%,+0.38%,+0.00%,+0.00%,-0.75%,+1.14%,+0.00%,+0.37%
4968.TW,+0.23%,+0.00%,+0.00%,+0.28%,+0.00%,+0.00%,+0.41%,-0.69%,-1.15%,-3.04%
2417.TW,-0.40%,+0.41%,+0.00%,+0.00%,+0.00%,+0.00%,-0.81%,+1.22%,+0.40%,+0.80%
2402.TW,+1.99%,-1.43%,+0.53%,-1.32%,+3.20%,+3.20%,-3.62%,-0.80%,+0.14%,-2.02%
2351.TW,+3.57%,-0.12%,-0.48%,+0.24%,+0.60%,+0.60%,+0.95%,+2.59%,+1.60%,-0.34%
2420.TW,+0.40%,+0.40%,-0.20%,-4.65%,+1.97%,+1.97%,+0.71%,+0.00%,+4.15%,-0.78%
911622.TW,+0.00%,+0.00%,+0.00%,+0.00%,+0.00%,+0.00%,+0.00%,+0.00%,+0.00%,+0.00%
8222.TW,-1.01%,-1.53%,+1.55%,+0.92%,-0.61%,-0.61%,-0.66%,+1.33%,-1.26%,+0.56%
2497.TW,-2.28%,+0.41%,-1.23%,-0.42%,-0.70%,-0.70%,+1.96%,+5.36%,-1.30%,+0.53%
2059.TW,-1.97%,+1.13%,+0.74%,+0.98%,+0.00%,+0.00%,+2.80%,-0.71%,+1.07%,+0.83%
3030.TW,+0.20%,-0.20%,-0.51%,+0.82%,+0.81%,+0.81%,-0.80%,+0.10%,+0.30%,-0.51%
1786.TW,+0.00%,-0.77%,+1.03%,-1.78%,+6.87%,+6.87%,+2.18%,-1.43%,+0.00%,-1.69%
9802.TW,-1.64%,-0.42%,+0.28%,+0.28%,+0.00%,+0.00%,+0.00%,+0.83%,+0.82%,+1.63%
3022.TW,+1.12%,-0.33%,+6.91%,+0.31%,-1.66%,-1.66%,+0.42%,+0.74%,+1.15%,+1.45%
5906.TW,+0.58%,-0.92%,-2.10%,-0.12%,-1.79%,-1.79%,+0.85%,-0.24%,+0.00%,+0.00%
2412.TW,+0.42%,-0.21%,+0.32%,+0.11%,+0.11%,+0.11%,+0.32%,+0.63%,+0.52%,+0.31%
2428.TW,-0.38%,+1.16%,-1.33%,+3.09%,-1.31%,-1.31%,-1.90%,+0.58%,+3.46%,-0.37%
4536.TW,+0.00%,+0.65%,+0.00%,-1.28%,-0.65%,-0.65%,+0.33%,+0.00%,+4.89%,-2.17%
2901.TW,+0.00%,+0.73%,-1.02%,+0.00%,-0.74%,-0.74%,+0.30%,+0.30%,+0.00%,+1.33%
3231.TW,+1.20%,-2.18%,+1.22%,+0.20%,-0.60%,-0.60%,+0.20%,+1.61%,+0.59%,-0.39%
2464.TW,-1.25%,+0.54%,-1.44%,+0.73%,+1.45%,+1.45%,+1.25%,+0.53%,+0.70%,+0.17%
2884.TW,+1.09%,+1.34%,+1.06%,+0.52%,+0.00%,+0.00%,-1.83%,+1.06%,+0.53%,+0.00%
2007.TW,-1.08%,-0.31%,+1.56%,+0.15%,-2.62%,-2.62%,-0.32%,-0.32%,-0.32%,+0.16%
6116.TW,+0.44%,+0.00%,-0.44%,+0.00%,-0.44%,-0.44%,-0.45%,+0.45%,+0.89%,+0.44%
2453.TW,+0.00%,+0.32%,-0.32%,+0.64%,+0.64%,+0.64%,-0.32%,+0.95%,+0.00%,+1.89%
9958.TW,+0.00%,+0.00%,-0.73%,+1.11%,-1.09%,-1.09%,-0.74%,+0.00%,+0.37%,-0.37%
006208.TW,-1.05%,+0.06%,+0.46%,+0.20%,+0.14%,+0.14%,-0.34%,+0.97%,+0.34%,+0.42%
3055.TW,-3.38%,+6.29%,-0.66%,+1.32%,+0.98%,+0.98%,+5.50%,-0.31%,-1.54%,-1.56%
2722.TW,-1.35%,+0.00%,+0.00%,+1.37%,+0.00%,+0.00%,+0.00%,+0.00%,-0.12%,+0.00%
2885.TW,+0.33%,+0.00%,+0.33%,-0.33%,-0.98%,-0.98%,-0.66%,+0.67%,+0.99%,+0.66%
4119.TW,+1.92%,+0.00%,+0.87%,-0.29%,-1.30%,-1.30%,-0.29%,+1.61%,+1.30%,+1.00%
2929.TW,+0.88%,-0.29%,-2.05%,-0.30%,+0.00%,+0.00%,+0.00%,+1.80%,+2.94%,+0.00%
1717.TW,-1.09%,+0.00%,-1.10%,+1.27%,-1.25%,-1.25%,+0.32%,+0.32%,+0.00%,+0.47%
2535.TW,-0.71%,+0.18%,-0.18%,-0.53%,-0.18%,-0.18%,+0.54%,+0.18%,+0.18%,+0.71%
2013.TW,-1.89%,-1.93%,-0.98%,+1.32%,+1.14%,+1.14%,+0.16%,-0.48%,+0.49%,+0.32%
1714.TW,-0.37%,+0.00%,-0.37%,+0.37%,-0.74%,-0.74%,+0.00%,+0.37%,+0.75%,-0.37%
2352.TW,-0.40%,-0.30%,-1.52%,+0.72%,+0.10%,+0.10%,-0.41%,+2.87%,-0.60%,+0.60%
1568.TW,-5.21%,-2.84%,+6.20%,+2.41%,-2.68%,-2.68%,-3.45%,+1.79%,-0.88%,+2.30%
2020.TW,-0.72%,-0.72%,-1.82%,+0.37%,-0.74%,-0.74%,-1.12%,-1.13%,+0.76%,-1.13%
3029.TW,+0.57%,+0.00%,+0.00%,+0.28%,+0.85%,+0.85%,-0.28%,+1.40%,-0.83%,+0.00%
4958.TW,+1.40%,+0.23%,+1.26%,+0.45%,+0.11%,+0.11%,-2.03%,+4.15%,-0.33%,+0.67%
3583.TW,+1.28%,+0.36%,+0.00%,-0.36%,+0.36%,+0.36%,-0.90%,+0.36%,+0.00%,+2.36%
3706.TW,-0.77%,-2.52%,-0.60%,+0.60%,+0.20%,+0.20%,-0.40%,+0.40%,+2.38%,+0.19%
3054.TW,-3.45%,-0.55%,+0.55%,+0.27%,+3.01%,+3.01%,-1.86%,+0.54%,+0.00%,+4.04%
2031.TW,+0.00%,-1.03%,-0.52%,+0.00%,+0.26%,+0.26%,-0.26%,+0.52%,-0.52%,+0.78%
6285.TW,+0.00%,+0.00%,-3.24%,-1.52%,+2.47%,+2.47%,-0.30%,+1.96%,-0.30%,+0.30%
3576.TW,+1.52%,+0.41%,-0.14%,+2.59%,-1.33%,-1.33%,-1.34%,+0.54%,-0.54%,-1.09%
8112.TW,+0.00%,-0.62%,-0.94%,+1.89%,+0.31%,+0.31%,-1.85%,+0.94%,+1.56%,+2.76%
1535.TW,+0.13%,-0.52%,+0.00%,+0.00%,-0.39%,-0.39%,+1.06%,-0.52%,-0.13%,+0.39%
4306.TW,-0.23%,-0.23%,-4.13%,-1.20%,+0.48%,+0.48%,-2.17%,+0.74%,-0.73%,+0.25%
8105.TW,+1.76%,-1.73%,+0.44%,+2.63%,-1.28%,-1.28%,+1.73%,+0.43%,+0.42%,+1.69%
1721.TW,-1.31%,-0.31%,+0.31%,-0.31%,+0.10%,+0.10%,-0.20%,+1.02%,+1.21%,+0.00%
1434.TW,-0.48%,+0.32%,-1.93%,+2.79%,-0.96%,-0.96%,-1.29%,+1.79%,+1.76%,+2.68%
2461.TW,-1.20%,+0.91%,+0.60%,-1.19%,+0.60%,+0.60%,+0.60%,-0.30%,-0.30%,+0.30%
8131.TW,+2.01%,-1.97%,+0.22%,+1.56%,+0.00%,+0.00%,-1.54%,+1.79%,+2.63%,+2.99%
2434.TW,-1.76%,+6.87%,+1.96%,+1.92%,+0.13%,+0.13%,+6.98%,+6.90%,+6.92%,+2.09%
1533.TW,+2.62%,-0.96%,+0.43%,-0.21%,-0.54%,-0.54%,+2.80%,+6.92%,+1.76%,+6.94%
4952.TW,-0.85%,+2.14%,-1.54%,+1.28%,+0.28%,+0.28%,-0.56%,-0.14%,+1.27%,+0.69%
1219.TW,+0.00%,+0.98%,+0.32%,-0.65%,+0.00%,+0.00%,-0.65%,+0.00%,-0.33%,+0.00%
8249.TW,+0.81%,+2.00%,-0.20%,+1.57%,-0.39%,-0.39%,-0.97%,+2.35%,+3.07%,-1.30%
2034.TW,-1.80%,-3.00%,-2.75%,+1.41%,+1.05%,+1.05%,-1.72%,+0.88%,+1.57%,+1.37%
2483.TW,-0.48%,+0.72%,-1.20%,+0.73%,+0.24%,+0.24%,+6.95%,-1.12%,+0.23%,+0.45%
3380.TW,-0.86%,-0.65%,-1.52%,-1.10%,+0.22%,+0.22%,-0.22%,+1.34%,-0.66%,+1.55%
1795.TW,+1.98%,+1.94%,+2.66%,+2.96%,-3.60%,-3.60%,+0.37%,+0.74%,+1.11%,+4.38%
2406.TW,+5.25%,+0.00%,+0.88%,+6.10%,-1.37%,-1.37%,-1.94%,+3.82%,+2.59%,-1.73%
1316.TW,-1.22%,+0.00%,+0.41%,+0.00%,-0.41%,-0.41%,-0.83%,+1.67%,+1.64%,-0.40%
1515.TW,+0.00%,-0.45%,-0.45%,-0.46%,-0.46%,-0.46%,-0.46%,+0.93%,+0.46%,+1.37%
2427.TW,+0.00%,+1.33%,-0.22%,+0.33%,+0.44%,+0.44%,-1.85%,+2.77%,-0.32%,-0.65%
1536.TW,+0.22%,+0.00%,+2.95%,+0.11%,-1.06%,-1.06%,+0.96%,+3.08%,+2.16%,+0.20%
2528.TW,-3.81%,+0.72%,+6.43%,+3.69%,-2.27%,-2.27%,-1.99%,-1.69%,+0.00%,+3.09%
1463.TW,-2.47%,-0.36%,+1.82%,+3.21%,+0.00%,+0.00%,-0.69%,+1.05%,+0.34%,+1.37%
3665.TW,+0.35%,+3.10%,-1.00%,-0.34%,+0.00%,+0.00%,-3.05%,+5.24%,+0.00%,-0.66%
5880.TW,+0.93%,+0.00%,+0.00%,+0.31%,-0.92%,-0.92%,+0.31%,+0.62%,+0.00%,+0.00%
2349.TW,-1.12%,+0.45%,-0.45%,+2.26%,-0.66%,-0.66%,-1.56%,+0.68%,+0.90%,+2.44%
2401.TW,-1.34%,+0.90%,+0.45%,+0.89%,+1.33%,+1.33%,-0.87%,+2.20%,+1.29%,-0.43%
3563.TW,+0.59%,+0.29%,-1.17%,+2.07%,+0.14%,+0.14%,-0.14%,+0.00%,-0.43%,+0.00%
2910.TW,-0.31%,-0.16%,+0.00%,+0.31%,-0.94%,-0.94%,+0.00%,+0.16%,+0.00%,+0.16%
2369.TW,+0.00%,-0.85%,-3.16%,-0.59%,+2.69%,+2.69%,-2.33%,+0.30%,+0.89%,+3.24%
1773.TW,+0.19%,+0.56%,-0.75%,+0.19%,+0.19%,+0.19%,-0.56%,+0.75%,+0.94%,+1.11%
4956.TW,-0.42%,+0.42%,+0.00%,+1.04%,+0.62%,+0.62%,-1.64%,+0.83%,+2.27%,+2.22%
4977.TW,+0.89%,+0.00%,+1.26%,-0.62%,-0.38%,-0.38%,-1.13%,+2.04%,+1.50%,+0.12%
3704.TW,-0.85%,+0.57%,+0.00%,-0.28%,-0.85%,-0.85%,-0.29%,+1.44%,+0.57%,+0.28%
8213.TW,+5.15%,-6.94%,+0.77%,+0.00%,-1.85%,-1.85%,+0.22%,+1.33%,-0.66%,+0.66%
2845.TW,+0.00%,+0.47%,+0.00%,+0.47%,+0.47%,+0.47%,-1.40%,+0.47%,+0.47%,-0.47%
3266.TW,-0.39%,+2.36%,-3.27%,+0.40%,+0.40%,+0.40%,-2.37%,+0.61%,+1.81%,-1.18%
2812.TW,-0.49%,+0.49%,+0.49%,+0.00%,+0.00%,+0.00%,-0.49%,+0.49%,-0.49%,+0.49%
1324.TW,+0.00%,-0.91%,+0.00%,-0.31%,+0.00%,+0.00%,+3.40%,+0.00%,-1.49%,+0.30%
2867.TW,-0.30%,-0.30%,+0.00%,+0.00%,+0.00%,+0.00%,-1.19%,+0.30%,+0.00%,+0.60%
4906.TW,-0.91%,+1.47%,+0.72%,+0.36%,-0.71%,-0.71%,-0.36%,+0.54%,+0.90%,+0.36%
1712.TW,-0.27%,+1.10%,-0.82%,+0.55%,-2.18%,-2.18%,+1.39%,+0.27%,+1.10%,+0.27%
1203.TW,+0.00%,-0.22%,+0.22%,+1.99%,+0.00%,+0.00%,-0.22%,+0.22%,-0.22%,+0.22%
2002.TW,-0.39%,-0.59%,-0.40%,-0.20%,-0.80%,-0.80%,+0.00%,+1.00%,+0.40%,-0.79%
2478.TW,+0.00%,+0.00%,+0.60%,+5.36%,-0.56%,-0.56%,+6.82%,+6.91%,+2.99%,+1.69%
4532.TW,+1.27%,-0.16%,+1.26%,+0.00%,-0.78%,-0.78%,-0.63%,-0.32%,+0.95%,+0.47%
9136.TW,+1.99%,+0.22%,+1.01%,-0.66%,-1.10%,-1.10%,+0.89%,+0.88%,+0.22%,+3.72%
2897.TW,+0.81%,-0.80%,-0.81%,+0.98%,-0.48%,-0.48%,-1.13%,+0.00%,+0.00%,+1.47%
3557.TW,-0.41%,+0.00%,+4.44%,-0.66%,-0.67%,-0.67%,-0.27%,+0.14%,+0.27%,+0.00%
9939.TW,-2.79%,-0.84%,-1.70%,+2.43%,+0.34%,+0.34%,-1.52%,+1.03%,-0.17%,+2.72%
1718.TW,+0.98%,+0.97%,-0.48%,+2.40%,-0.47%,-0.47%,+0.00%,+0.47%,-0.47%,-0.47%
2484.TW,+0.28%,+3.12%,-2.47%,+0.56%,-0.84%,-0.84%,+3.67%,+0.82%,-0.27%,+1.63%
2520.TW,+0.00%,+1.61%,+0.79%,+1.10%,-1.71%,-1.71%,-1.11%,+0.64%,-0.63%,+0.16%
6166.TW,+1.92%,+1.54%,-0.67%,-0.68%,-1.37%,-1.37%,-0.52%,+0.35%,+1.39%,+1.88%
2102.TW,+0.23%,+0.92%,-0.68%,-0.23%,-0.46%,-0.46%,-0.23%,+0.23%,+0.23%,+0.69%
1338.TW,-2.34%,+2.87%,+2.79%,+1.36%,-2.68%,-2.68%,+1.83%,+2.70%,+2.19%,-0.86%
3023.TW,+0.69%,+0.11%,+0.57%,+1.36%,+0.00%,+0.00%,+0.22%,+0.89%,-1.33%,-0.67%
2106.TW,+0.14%,-1.30%,+3.81%,-0.99%,+1.14%,+1.14%,-1.13%,+1.42%,-1.12%,-0.85%
3694.TW,-1.49%,+0.30%,-6.02%,+1.60%,+1.58%,+1.58%,+0.62%,-0.31%,-0.93%,+4.38%
2312.TW,-0.40%,+2.01%,-1.18%,+5.58%,-2.64%,-2.64%,+0.39%,+1.54%,-0.38%,-0.38%
2208.TW,+0.00%,-0.28%,-0.55%,+1.11%,-0.27%,-0.27%,-0.55%,-0.28%,+0.28%,+0.00%
2028.TW,-1.48%,-0.64%,+0.86%,+0.21%,-0.21%,-0.21%,-1.28%,-0.22%,+0.00%,+0.00%
1909.TW,+0.00%,+1.48%,+0.00%,+0.73%,+2.17%,+2.17%,+2.84%,+0.00%,+0.34%,+0.69%
2348.TW,+0.00%,+0.00%,+0.00%,-1.64%,+0.00%,+0.00%,+0.00%,+0.00%,+1.11%,+0.00%
2104.TW,+0.85%,+1.51%,-0.83%,-0.17%,-1.17%,-1.17%,-0.85%,+1.02%,-0.51%,+0.17%
2880.TW,+0.87%,+0.29%,-0.29%,-0.29%,+0.58%,+0.58%,-0.86%,+1.45%,+0.29%,-0.28%
1339.TW,-2.77%,+0.00%,-3.60%,+0.00%,+1.09%,+1.09%,+2.93%,+6.89%,-1.68%,+1.00%
1605.TW,+2.00%,-0.98%,+0.50%,-0.49%,+0.50%,+0.50%,-0.99%,-0.60%,+0.00%,-0.40%
3006.TW,-1.29%,-0.56%,+0.19%,-0.37%,+1.69%,+1.69%,-0.18%,+3.70%,-0.71%,-0.18%
1442.TW,+0.71%,+0.14%,+0.00%,+0.00%,-0.56%,-0.56%,-0.56%,-0.14%,+0.71%,-0.56%
3376.TW,+0.52%,+1.68%,-1.53%,-0.65%,-1.04%,-1.04%,+3.95%,+4.05%,-0.73%,-0.37%
1303.TW,+0.61%,+0.00%,-0.30%,-0.61%,-0.31%,-0.31%,+1.08%,+1.07%,-0.30%,+0.15%
3021.TW,-0.38%,+1.93%,-1.14%,+0.00%,+0.38%,+0.38%,-1.15%,+1.16%,+0.76%,+2.27%
2633.TW,+0.00%,+0.00%,+0.00%,+0.00%,+0.00%,+0.00%,+0.00%,+0.00%,+0.00%,+0.00%
1441.TW,+0.31%,-1.03%,-0.63%,+0.11%,-0.42%,-0.42%,-1.26%,+0.00%,+0.43%,+0.21%
2543.TW,-0.13%,-0.13%,-0.13%,-0.88%,+0.51%,+0.51%,+6.20%,+3.34%,-2.19%,+0.35%
1762.TW,+1.39%,-0.46%,+0.80%,-0.23%,-0.46%,-0.46%,-0.34%,+0.23%,+0.92%,-0.23%
2388.TW,+1.13%,-1.12%,-0.68%,+0.23%,+0.46%,+0.46%,-0.68%,+3.42%,-1.10%,+0.67%
1256.TW,-0.62%,+0.00%,-0.93%,+6.90%,+0.59%,+0.59%,-0.58%,-0.88%,+0.44%,+2.21%
3673.TW,-0.68%,+2.98%,+0.00%,+2.90%,-1.30%,-1.30%,-1.10%,+2.44%,-0.43%,+0.65%
1516.TW,+1.01%,+7.00%,+6.54%,+0.00%,+0.00%,+0.00%,-8.77%,-6.73%,+0.00%,+3.09%
3413.TW,+2.18%,+0.46%,-0.74%,+0.00%,-3.44%,-3.44%,+2.33%,-0.74%,-0.78%,+0.62%
2201.TW,+1.32%,+0.76%,-0.65%,+0.65%,-0.75%,-0.75%,-1.19%,+0.77%,+1.20%,+3.66%
1323.TW,+0.27%,-0.53%,-0.80%,-1.08%,+0.68%,+0.68%,-1.90%,-2.07%,+1.13%,-0.84%
1733.TW,-2.38%,-1.79%,+0.66%,-0.99%,+0.66%,+0.66%,-0.66%,+0.50%,+1.16%,+1.31%
8046.TW,+3.48%,+2.46%,+1.09%,+5.73%,-2.86%,-2.86%,-0.21%,+0.84%,-0.94%,-2.11%
1445.TW,+0.00%,+0.00%,-0.49%,-0.49%,-0.50%,-0.50%,-0.50%,+1.00%,+0.00%,-0.50%
1229.TW,+0.26%,+6.27%,-0.98%,+3.23%,-0.72%,-0.72%,+0.00%,+1.69%,-0.95%,-0.96%
2419.TW,-0.29%,-0.29%,+1.78%,+3.20%,-1.41%,-1.41%,-0.29%,+2.58%,+0.56%,+0.28%
2392.TW,+0.00%,-0.52%,-1.55%,+0.53%,-0.52%,-0.52%,-0.53%,+0.00%,-1.06%,+2.85%
3045.TW,+0.10%,+1.36%,+0.00%,+0.10%,+0.82%,+0.82%,+1.02%,+1.11%,-0.10%,-1.10%
4164.TW,+0.82%,-0.54%,+0.27%,+0.41%,-0.81%,-0.81%,-0.14%,+0.27%,+0.14%,+0.68%
2024.TW,+0.42%,-0.42%,+0.28%,+0.42%,-0.28%,-0.28%,-0.70%,+0.28%,-0.14%,+0.00%
6415.TW,-0.20%,+2.81%,+2.14%,-2.67%,-2.16%,-2.16%,+2.61%,+2.34%,-2.48%,-0.59%
2207.TW,+0.99%,+0.14%,-1.12%,+0.99%,-1.54%,-1.54%,+0.71%,+1.13%,-0.56%,-0.56%
910322.TW,-0.84%,+1.57%,+0.36%,+0.71%,+0.83%,+0.83%,-1.40%,+0.12%,-0.71%,-0.95%
3321.TW,+0.00%,+0.00%,+0.00%,+0.00%,+0.00%,+0.00%,+0.00%,+0.00%,+0.00%,+0.00%
2542.TW,+0.74%,-1.17%,+1.18%,+0.58%,-0.29%,-0.29%,+0.15%,-0.73%,+0.73%,+0.58%
9917.TW,-0.26%,+0.40%,-0.13%,+0.66%,-0.65%,-0.65%,-0.26%,+0.13%,+0.13%,+0.26%
8271.TW,+1.62%,-0.48%,-0.48%,+0.64%,-0.96%,-0.96%,+0.00%,+2.90%,+5.02%,+3.73%
3056.TW,-0.75%,-0.38%,+1.89%,+0.74%,+1.10%,+1.10%,-0.55%,+0.55%,-0.18%,-0.36%
3669.TW,+0.40%,+0.20%,-0.20%,-0.40%,+0.20%,+0.20%,-2.22%,+2.69%,+0.40%,+0.60%
1309.TW,+1.00%,+0.50%,-1.48%,-0.30%,+0.80%,+0.80%,-0.60%,+0.60%,+1.00%,-0.99%
2360.TW,-1.48%,+6.95%,-3.95%,+0.27%,+1.06%,+1.06%,-1.57%,+2.39%,+0.78%,+0.52%
8016.TW,+1.22%,+1.54%,-0.84%,+0.85%,+0.34%,+0.34%,-0.51%,+1.02%,-0.17%,+0.34%
3094.TW,-2.54%,+1.53%,-0.76%,+4.41%,-1.02%,-1.02%,+1.03%,+1.31%,+6.91%,+7.00%
5484.TW,+6.41%,-0.80%,+1.21%,-2.00%,+2.04%,+2.04%,+1.20%,+2.77%,-1.15%,-1.17%
1454.TW,+0.50%,+0.00%,+0.00%,-0.38%,+0.13%,+0.13%,-0.25%,+0.50%,+0.63%,+0.12%
3014.TW,+0.73%,+1.01%,-0.57%,+4.61%,-0.28%,-0.28%,-0.55%,+1.53%,+1.23%,+0.54%
3406.TW,-4.79%,+3.43%,-2.76%,-0.45%,+0.91%,+0.91%,-0.23%,+2.95%,+2.64%,-1.29%
2383.TW,+0.00%,+1.98%,-0.71%,-0.18%,+0.00%,+0.00%,+0.00%,+2.31%,-0.52%,-0.17%
6235.TW,+5.80%,-2.19%,+1.54%,+0.00%,-1.93%,-1.93%,+1.13%,-0.14%,-0.42%,-1.26%
3149.TW,-0.15%,+0.74%,-0.88%,+1.78%,+0.73%,+0.73%,-1.01%,+0.59%,-0.44%,+1.02%
2023.TW,-0.53%,+0.11%,-0.64%,+0.22%,+0.00%,+0.00%,-0.43%,+0.22%,+0.32%,+0.11%
3454.TW,+1.76%,+0.35%,-0.69%,+2.43%,+4.07%,+4.07%,-3.26%,+1.35%,+1.00%,-1.97%
3543.TW,-0.46%,-1.83%,+0.00%,-2.43%,-0.38%,-0.38%,-4.81%,+0.40%,+0.00%,+0.91%
2345.TW,-0.56%,-0.85%,+1.99%,+0.28%,+0.00%,+0.00%,+1.67%,+0.00%,+0.27%,+0.55%
3018.TW,-0.29%,-0.58%,+6.76%,+2.48%,+2.15%,+2.15%,-2.11%,+2.42%,+6.82%,+2.21%
1776.TW,-2.17%,+0.00%,+0.00%,+2.22%,+0.87%,+0.87%,+0.00%,+1.29%,+0.00%,+0.00%
3686.TW,+0.66%,-0.66%,-0.33%,+0.66%,-0.33%,-0.33%,-0.66%,+1.33%,+1.97%,-1.61%
2415.TW,-3.55%,+0.28%,+2.26%,-1.66%,+0.56%,+0.56%,-1.12%,+2.54%,-1.10%,+6.96%
1806.TW,-0.47%,+0.00%,-0.94%,-0.47%,+0.48%,+0.48%,-0.95%,+0.00%,-0.48%,+4.33%
006203.TW,-0.17%,+0.64%,-1.24%,+1.46%,+0.54%,+0.54%,-0.70%,+0.80%,+0.37%,+0.66%
1337.TW,+0.63%,+4.41%,+0.45%,+1.35%,-0.74%,-0.74%,-0.30%,+3.44%,-0.72%,-0.87%
6155.TW,-1.05%,-1.06%,+0.53%,+2.48%,+0.00%,+0.00%,-1.04%,+2.97%,-0.68%,+0.51%
8103.TW,-0.24%,+5.02%,-0.91%,+2.87%,+0.67%,+0.67%,+2.11%,+1.74%,-1.07%,-0.97%
2883.TW,+1.48%,+0.22%,+0.22%,+0.22%,-0.45%,-0.45%,-1.12%,+1.02%,+0.45%,-0.11%
9937.TW,+0.92%,-0.91%,+1.10%,+0.91%,-0.72%,-0.72%,-0.72%,+0.36%,+0.18%,+0.54%
2308.TW,+1.64%,+1.62%,+0.53%,+0.00%,-0.26%,-0.26%,-1.32%,+1.88%,-0.53%,+2.65%
2324.TW,+3.85%,-0.22%,+0.44%,+0.00%,+0.87%,+0.87%,-1.29%,+0.44%,+2.83%,-1.06%
6108.TW,-0.74%,+3.47%,+3.36%,+2.32%,-1.13%,-1.13%,-0.92%,+5.09%,+0.22%,-0.22%
1907.TW,+2.18%,-0.71%,-1.08%,+0.00%,+0.72%,+0.72%,-0.36%,+1.08%,+2.86%,-0.35%
2375.TW,-0.72%,+1.81%,-0.71%,+3.57%,-1.38%,-1.38%,-1.75%,+0.36%,+0.00%,+0.35%
2905.TW,+0.00%,-0.51%,-1.78%,+0.52%,-1.54%,-1.54%,-0.78%,+2.11%,-0.26%,-0.78%
8201.TW,+0.00%,+0.77%,-0.76%,+0.00%,+0.00%,+0.00%,-0.38%,+0.39%,+0.38%,+0.38%
3605.TW,+2.53%,+4.50%,-0.42%,+0.70%,+5.26%,+5.26%,+2.24%,-0.77%,+3.63%,-0.88%
2474.TW,+0.38%,-0.38%,+0.77%,+1.90%,-0.56%,-0.56%,-0.94%,+2.27%,+3.70%,+0.36%
3013.TW,-0.73%,+5.85%,-2.21%,+1.69%,-1.53%,-1.53%,-0.28%,+0.14%,+6.92%,+6.87%
1467.TW,-1.95%,+1.19%,+1.57%,+0.39%,-1.15%,-1.15%,+0.00%,+6.61%,-2.19%,-0.37%
2387.TW,-1.95%,-1.19%,+1.61%,+0.40%,+0.39%,+0.39%,-0.39%,+0.79%,+1.56%,+0.00%
2609.TW,+0.00%,+0.00%,+0.00%,-0.40%,+0.00%,+0.00%,-0.81%,+2.45%,+0.80%,-0.40%
3057.TW,-2.12%,+6.92%,+3.10%,-0.39%,+0.39%,+0.39%,-3.27%,+5.54%,+6.91%,+3.71%
2365.TW,-0.39%,+0.39%,+1.17%,+0.77%,+0.00%,+0.00%,+0.38%,+2.66%,+2.22%,-0.72%
2425.TW,-1.41%,+2.21%,-0.38%,-1.02%,-1.16%,-1.16%,+0.52%,+6.89%,+1.22%,+2.04%
6128.TW,+0.00%,+0.28%,+1.69%,+1.80%,-0.68%,-0.68%,+0.68%,+1.22%,+1.88%,-0.92%
3008.TW,-0.26%,+1.58%,-0.78%,+3.39%,-1.01%,-1.01%,-0.51%,+1.79%,+4.79%,-2.40%
2313.TW,-1.76%,+3.59%,-1.24%,+1.00%,+1.99%,+1.99%,-1.70%,+3.22%,-0.72%,-0.48%
2390.TW,+6.81%,-4.13%,-1.57%,-0.60%,-0.60%,-0.60%,-3.42%,+3.23%,+2.93%,+1.18%
01004T.TW,-0.33%,-0.17%,-0.33%,+0.17%,-0.25%,-0.25%,-0.50%,-0.08%,+0.08%,-0.17%
2723.TW,+0.20%,+0.00%,+0.41%,-1.41%,-0.82%,-0.82%,-3.31%,+0.00%,-1.92%,+0.44%
1589.TW,+3.70%,-0.36%,+1.79%,+1.41%,-2.08%,-2.08%,+1.06%,+2.46%,-0.34%,+0.69%
1435.TW,+0.00%,+0.48%,-0.16%,+0.00%,-2.23%,-2.23%,-0.82%,+1.15%,-0.16%,-0.65%
3048.TW,-0.53%,+1.60%,-4.21%,-1.10%,-0.83%,-0.83%,-0.28%,+2.53%,+4.11%,+0.26%
9945.TW,+0.00%,+0.00%,-0.56%,+0.75%,-0.37%,-0.37%,-0.56%,+0.76%,+0.00%,-0.38%
9904.TW,+2.54%,+0.62%,+0.62%,-2.75%,+2.20%,+2.20%,+2.00%,+4.07%,-1.16%,-1.61%
6282.TW,-3.85%,+1.24%,-1.91%,+3.62%,+0.13%,+0.13%,+1.47%,+0.92%,+1.05%,+1.55%
1312.TW,+2.65%,-1.03%,+0.52%,-1.04%,+0.26%,+0.26%,+0.26%,+0.52%,+0.26%,+0.00%
3049.TW,-0.95%,+6.99%,+3.04%,-1.53%,-1.00%,-1.00%,-1.12%,+0.91%,+0.34%,+0.56%
1537.TW,-4.04%,+0.54%,+1.50%,+0.53%,-1.47%,-1.47%,+0.00%,+1.07%,+0.11%,-0.11%
2515.TW,+0.00%,+0.39%,+0.00%,+1.30%,-0.39%,-0.39%,+0.39%,+5.26%,-1.83%,+0.37%
1723.TW,-0.85%,-0.28%,+0.28%,+1.42%,-0.56%,-0.56%,-0.28%,+0.00%,+0.85%,-0.28%
2727.TW,+0.81%,-0.23%,+0.00%,+0.35%,-0.34%,-0.34%,-0.35%,+0.23%,+0.46%,+1.72%
2465.TW,-6.59%,-4.15%,-2.60%,-0.44%,-2.23%,-2.23%,-1.83%,+6.98%,+6.96%,+6.91%
2457.TW,+0.50%,-0.50%,+0.00%,-1.00%,+0.00%,+0.00%,+0.00%,+0.76%,+1.25%,+2.72%
8926.TW,-0.71%,+0.00%,-0.48%,+0.96%,+0.48%,+0.48%,-0.48%,-0.24%,+0.48%,+0.48%
3028.TW,+0.00%,+0.00%,+0.28%,+0.28%,-0.55%,-0.55%,+0.00%,+0.56%,+1.10%,-0.27%
5515.TW,+0.36%,-1.44%,+0.00%,+0.00%,-0.37%,-0.37%,-0.37%,+0.00%,+0.00%,+0.00%
3481.TW,+0.44%,+0.00%,+0.44%,+2.19%,-0.43%,-0.43%,+0.86%,+0.85%,+0.85%,-1.26%
2409.TW,+1.80%,-0.88%,-0.89%,+0.90%,+0.45%,+0.45%,-0.44%,+1.34%,+1.76%,-1.30%
2033.TW,+1.49%,-0.49%,+0.00%,-0.49%,+1.48%,+1.48%,+0.00%,+0.00%,+0.00%,+0.49%
0050.TW,+0.57%,-0.08%,+0.16%,+0.00%,+0.40%,+0.40%,-0.48%,+1.38%,+0.16%,+0.48%
9955.TW,+0.24%,+0.00%,+0.49%,-0.73%,-0.24%,-0.24%,+1.71%,-0.96%,+0.00%,-0.24%
4526.TW,+2.07%,-0.68%,+0.00%,+2.21%,-0.50%,-0.50%,+0.33%,+1.67%,+0.16%,-0.33%
3090.TW,-0.49%,-0.82%,+0.50%,-0.17%,+0.00%,+0.00%,-0.17%,+0.66%,+2.64%,+1.93%
8374.TW,-1.27%,+0.86%,+1.70%,-1.05%,+0.21%,+0.21%,-1.27%,+0.64%,+2.76%,+0.00%
1410.TW,+0.22%,+0.64%,+1.07%,-1.48%,+0.00%,+0.00%,+0.00%,+0.43%,-0.21%,-0.21%
2301.TW,-2.45%,-0.55%,+2.30%,+1.18%,-0.53%,-0.53%,+0.43%,+2.12%,+0.10%,-1.04%
2382.TW,+0.88%,-0.99%,-0.50%,+1.51%,-0.25%,-0.25%,+0.25%,-1.99%,+1.14%,-0.38%
1711.TW,+0.34%,+0.00%,+0.17%,+0.34%,-0.84%,-0.84%,-0.34%,+1.53%,+0.50%,+0.00%
1102.TW,+0.88%,-1.12%,+1.51%,-0.74%,-1.50%,-1.50%,-1.02%,-0.51%,-0.13%,+0.39%
2032.TW,-3.31%,-1.14%,-2.31%,+0.00%,+2.36%,+2.36%,-2.31%,+0.00%,+0.00%,+0.79%
TXF.TW,+0.59%,-0.06%,-0.01%,+0.14%,+0.10%,+0.10%,-0.42%,+1.12%,+0.60%,+0.31%
6191.TW,+0.00%,-0.60%,+0.10%,+1.50%,-0.49%,-0.49%,-0.50%,+1.49%,+0.49%,+0.00%
8422.TW,+1.42%,-0.28%,-0.28%,-0.85%,+0.00%,+0.00%,+0.00%,+0.57%,+0.57%,+0.28%
3701.TW,+0.11%,-2.33%,-0.57%,+2.97%,+0.00%,+0.00%,-0.11%,-0.33%,+0.45%,-0.11%
5258.TW,-0.42%,+0.42%,+3.78%,-0.81%,+0.82%,+0.82%,-3.64%,+0.00%,+1.68%,-0.41%
3530.TW,+0.58%,-0.06%,-3.52%,-0.41%,+0.00%,+0.00%,+0.02%,-0.12%,-4.23%,-0.45%
1449.TW,+4.61%,-0.63%,-3.16%,-0.65%,+0.00%,+0.00%,+0.66%,+1.31%,-2.58%,+2.65%
3092.TW,+0.94%,-3.26%,-2.16%,+2.95%,-1.19%,-1.19%,+0.00%,+0.00%,+1.45%,-0.48%
1726.TW,+1.37%,+0.25%,+0.25%,+2.45%,-0.36%,-0.36%,-1.56%,+1.46%,+0.36%,+0.72%
2618.TW,+0.32%,-0.32%,-0.97%,-0.98%,+0.33%,+0.33%,+0.00%,+0.33%,-0.33%,-0.98%
2489.TW,+0.23%,+0.47%,-0.23%,-0.47%,+0.00%,+0.00%,+0.00%,+0.70%,-0.23%,+0.47%
3312.TW,+0.00%,-6.96%,-6.30%,+0.84%,+0.00%,+0.00%,-2.92%,+0.00%,+1.29%,+0.85%
2838.TW,+0.47%,-0.93%,+0.47%,+0.00%,+0.00%,+0.00%,-0.47%,+0.00%,+0.47%,+0.47%
3501.TW,+1.94%,+0.38%,-0.38%,+1.14%,+0.19%,+0.19%,-1.13%,+1.33%,+0.00%,+4.31%
8039.TW,-2.14%,+1.56%,-6.93%,-1.49%,+1.01%,+1.01%,-2.16%,+0.85%,-0.17%,+1.52%
6164.TW,+2.15%,+0.26%,+1.05%,+0.26%,-0.78%,-0.78%,-0.78%,+0.79%,+2.61%,+2.29%
3550.TW,+0.92%,+0.00%,+0.00%,-0.30%,+0.61%,+0.61%,-0.60%,+0.61%,+1.51%,-0.89%
3432.TW,+0.74%,+0.73%,+0.00%,+2.17%,-0.71%,-0.71%,-0.71%,+6.83%,+6.73%,+3.79%
1514.TW,-0.42%,+0.53%,-0.42%,+0.21%,+0.11%,+0.11%,-0.11%,+0.32%,+1.15%,+0.00%
6209.TW,-2.67%,-0.20%,+0.78%,+1.95%,-1.91%,-1.91%,-1.75%,+1.19%,+0.20%,+0.39%
4912.TW,-3.58%,-1.76%,+0.40%,+1.98%,-0.97%,-0.97%,-0.20%,+0.39%,+0.00%,+1.17%
3015.TW,-1.11%,+0.32%,+0.96%,-0.95%,-1.12%,-1.12%,-0.16%,+1.46%,+0.32%,+2.07%
3703.TW,-0.42%,+1.26%,-2.90%,+0.43%,-0.43%,-0.43%,-0.85%,+0.86%,+0.00%,+1.28%
1735.TW,+0.00%,-0.79%,-0.40%,+0.00%,-0.40%,-0.40%,+0.00%,+0.80%,+0.40%,+0.00%
1522.TW,+5.72%,+1.29%,+3.82%,+0.49%,-1.46%,-1.46%,-1.49%,+6.78%,-1.18%,+4.29%
6504.TW,-0.59%,-0.60%,+0.00%,+0.90%,-0.59%,-0.59%,-0.60%,+0.00%,+0.00%,+0.60%
6196.TW,+0.00%,+6.78%,+5.33%,+1.56%,-2.87%,-2.87%,+0.79%,+0.20%,+0.98%,-1.16%
3002.TW,+0.33%,+1.33%,-0.33%,+0.99%,+1.63%,+1.63%,-0.32%,+0.00%,+0.64%,+1.28%
4989.TW,+0.00%,+0.00%,-0.62%,+0.00%,+0.00%,+0.00%,+0.00%,+0.63%,-6.25%,-3.00%
6405.TW,-1.32%,-0.60%,+0.45%,+0.00%,+0.00%,+0.00%,-0.30%,+1.20%,+2.51%,+0.00%
2423.TW,+0.00%,-0.25%,-0.25%,-0.51%,+0.51%,+0.51%,-0.25%,+0.51%,+0.76%,+0.00%
1616.TW,-6.18%,+3.04%,-2.95%,-2.20%,-0.52%,-0.52%,+0.00%,-0.17%,+0.00%,+0.87%
3593.TW,-0.90%,+1.21%,+4.19%,-1.44%,+0.29%,+0.29%,-3.20%,+2.10%,-2.06%,+0.60%
2546.TW,+0.00%,+1.48%,+0.00%,-0.29%,+0.00%,+0.00%,-0.29%,+0.59%,-0.29%,+0.29%
1220.TW,+0.00%,+0.00%,+0.00%,+0.00%,+0.00%,+0.00%,+0.50%,+0.00%,-0.99%,+0.00%
1307.TW,-0.67%,+0.84%,+0.00%,+0.17%,+0.84%,+0.84%,-1.16%,+0.84%,-0.17%,+0.17%
4960.TW,+0.71%,+1.83%,+0.28%,+4.00%,-2.12%,-2.12%,-1.63%,+1.24%,-0.27%,-0.14%
3437.TW,-1.75%,-2.76%,+2.74%,-1.11%,-0.73%,-0.73%,+0.37%,+5.49%,+0.43%,+3.03%
6024.TW,-0.54%,-0.18%,+0.00%,+0.00%,+0.36%,+0.36%,+0.55%,+0.18%,+0.36%,+0.54%
2637.TW,-0.69%,-0.14%,+0.84%,+1.38%,-0.41%,-0.41%,-0.68%,+0.28%,-0.14%,+0.55%
1513.TW,+0.97%,-0.72%,-0.97%,+0.00%,+0.25%,+0.25%,+0.24%,+1.22%,-0.96%,+0.00%
1455.TW,+0.74%,-0.53%,+2.12%,-0.62%,+0.00%,+0.00%,-0.94%,+0.21%,-0.42%,-0.53%
3038.TW,-1.21%,-0.12%,+0.37%,+1.47%,-2.17%,-2.17%,-0.74%,+1.12%,+0.25%,-0.49%
8996.TW,+3.54%,+0.00%,-0.96%,+0.00%,+0.41%,+0.41%,+0.14%,+3.02%,-0.67%,+1.74%
8011.TW,+1.43%,+0.81%,+2.00%,+6.88%,-1.47%,-1.47%,-1.49%,+6.82%,-1.60%,+4.68%
2485.TW,+0.32%,+0.65%,+0.16%,-0.16%,-0.48%,-0.48%,-0.48%,+4.70%,-0.15%,-1.09%
3708.TW,+0.00%,+0.50%,-3.28%,+7.00%,-1.92%,-1.92%,+0.49%,+1.46%,+0.48%,-1.44%
1466.TW,-1.79%,+2.60%,-1.02%,-1.54%,+2.86%,+2.86%,+4.56%,+2.66%,+6.84%,+4.19%
2108.TW,+1.06%,-2.11%,+0.54%,-0.80%,-0.81%,-0.81%,+0.27%,+0.00%,+0.00%,-0.81%
1409.TW,-0.41%,+2.78%,-0.80%,+0.50%,-0.50%,-0.50%,-0.50%,+0.41%,+0.10%,+0.30%
2049.TW,+1.94%,+1.21%,+0.68%,+0.68%,+0.34%,+0.34%,-0.67%,+0.00%,+1.86%,+1.16%
1582.TW,+1.30%,-0.92%,+0.56%,+0.18%,+1.47%,+1.47%,+0.54%,+1.44%,+0.36%,+2.65%
8438.TW,-4.66%,+0.00%,-0.31%,+0.00%,+0.00%,+0.00%,+0.00%,+0.00%,-1.23%,+0.00%
1560.TW,-0.37%,+1.85%,+0.73%,+0.24%,-1.44%,-1.44%,-1.46%,+1.98%,-0.85%,+1.59%
9105.TW,-1.03%,-0.35%,+0.00%,+1.40%,-0.69%,-0.69%,+0.00%,+1.39%,+0.00%,-0.34%
2353.TW,+0.26%,+1.31%,+1.03%,-1.02%,-0.52%,-0.52%,-1.04%,+0.79%,+0.78%,+0.00%
1736.TW,+3.91%,-2.77%,+2.85%,-0.89%,-3.80%,-3.80%,-0.46%,+1.52%,+0.00%,-0.57%
2331.TW,+0.22%,+0.22%,-0.22%,+0.45%,-0.22%,-0.22%,-0.22%,+0.67%,+0.44%,+1.32%
9910.TW,-1.80%,-2.44%,+0.25%,+1.62%,+0.62%,+0.62%,-0.37%,+0.61%,+0.00%,+4.51%
5471.TW,-1.95%,-1.08%,+0.91%,+2.17%,-0.18%,-0.18%,+0.89%,+0.00%,+0.53%,+2.45%
2540.TW,+0.00%,+0.00%,+0.00%,+0.00%,-5.36%,-5.36%,-3.77%,+5.69%,+2.04%,-5.45%
2498.TW,+0.93%,-0.31%,+0.31%,+0.31%,+0.92%,+0.92%,-1.52%,+0.62%,+1.22%,-1.51%
8110.TW,+1.22%,+0.80%,-1.20%,-0.81%,+1.63%,+1.63%,-1.60%,+2.03%,+6.77%,+0.37%
2481.TW,+1.37%,+0.68%,+0.67%,+7.00%,-1.87%,-1.87%,+0.95%,+0.00%,+0.63%,+2.19%
4722.TW,-0.20%,-0.40%,-2.02%,+0.21%,+0.41%,+0.41%,+1.03%,-0.20%,+1.02%,+0.00%
2477.TW,-2.26%,-0.87%,-3.50%,-1.51%,+0.92%,+0.92%,-0.61%,+1.22%,+0.00%,+0.30%
1414.TW,+0.10%,-0.63%,-0.21%,+1.16%,-0.73%,-0.73%,-0.21%,+0.32%,+0.10%,-0.10%
2393.TW,-0.59%,+2.39%,+1.02%,-1.15%,-0.44%,-0.44%,-0.29%,-0.29%,+0.88%,+1.46%
6269.TW,-2.08%,+1.85%,+2.34%,+0.13%,-1.14%,-1.14%,+0.13%,+0.38%,+0.38%,+0.64%
2305.TW,+1.25%,-1.23%,+2.50%,+2.20%,+0.24%,+0.24%,+0.00%,+1.19%,-0.24%,-1.89%
1611.TW,+0.00%,-0.80%,+0.40%,+0.00%,-0.40%,-0.40%,+0.00%,+0.40%,-0.40%,+0.00%
2913.TW,+0.00%,+0.51%,-0.76%,+0.77%,+2.28%,+2.28%,-1.49%,+0.00%,+1.01%,-0.50%
1457.TW,-0.82%,+0.00%,-0.47%,+0.83%,-0.71%,-0.71%,-0.23%,+0.48%,+0.00%,+0.35%
6230.TW,+2.22%,+0.54%,+0.22%,+4.32%,-0.10%,-0.10%,-1.66%,+0.00%,+0.42%,-0.63%
2413.TW,-4.18%,+0.67%,-3.00%,+1.37%,-1.36%,-1.36%,+0.00%,+1.72%,+0.34%,+4.04%
3535.TW,-3.56%,-1.23%,+2.07%,-0.81%,+2.87%,+2.87%,-1.59%,+0.81%,+1.20%,+0.00%
2103.TW,-1.01%,-0.57%,+1.03%,+0.11%,+0.00%,+0.00%,-0.11%,+1.02%,+0.67%,+0.56%
2317.TW,+0.34%,+0.45%,+0.23%,+1.13%,+0.89%,+0.89%,-0.66%,+2.22%,+1.09%,-0.54%
2488.TW,+0.49%,+0.32%,-0.48%,-0.32%,+3.25%,+3.25%,-0.94%,+0.79%,-0.47%,+0.95%
5534.TW,-0.60%,+0.48%,+0.00%,+0.96%,-0.95%,-0.95%,-0.12%,+0.48%,-0.71%,-0.48%
2431.TW,-0.81%,-0.41%,-2.46%,+1.89%,-0.82%,-0.82%,-0.83%,+2.73%,+0.41%,+1.42%
9921.TW,+1.71%,-1.26%,-1.49%,+1.30%,-1.07%,-1.07%,+1.08%,+0.00%,-1.07%,-1.72%
2451.TW,+0.94%,+0.47%,-1.40%,+1.42%,-0.93%,-0.93%,-1.41%,+0.95%,+0.00%,-0.47%
2010.TW,-0.78%,-0.39%,-0.39%,+0.79%,-0.39%,-0.39%,+0.00%,+0.39%,+0.00%,+0.00%
2516.TW,+0.00%,+3.60%,-0.25%,+0.87%,+0.00%,+0.00%,-1.11%,+1.12%,-0.49%,-0.12%
2302.TW,-0.28%,-1.40%,+1.98%,+6.94%,+3.38%,+3.38%,-3.52%,+0.26%,-0.65%,+0.00%
3025.TW,+0.45%,+1.78%,+0.00%,-1.31%,+0.44%,+0.44%,-1.32%,+1.34%,+0.44%,+1.32%
1432.TW,+1.46%,-0.21%,+0.82%,-2.86%,+0.21%,+0.21%,+0.00%,+0.63%,+1.04%,+0.41%
3661.TW,+0.00%,+12.25%,+4.84%,-3.82%,+1.64%,+1.64%,-2.10%,+0.61%,+0.40%,-0.47%
3033.TW,-0.20%,+0.20%,+0.20%,-0.40%,-0.20%,-0.20%,+0.20%,+0.40%,+0.40%,+0.00%
2314.TW,+0.00%,-0.30%,-2.08%,+1.21%,-0.30%,-0.30%,-0.90%,+0.61%,-0.60%,+6.06%
3308.TW,+0.98%,-0.43%,-1.20%,-0.33%,+0.22%,+0.22%,-0.55%,+6.98%,+6.63%,+0.97%
6224.TW,+0.00%,+0.00%,-0.68%,+0.14%,+0.27%,+0.27%,+0.55%,-0.27%,+0.68%,+6.89%
2038.TW,-0.97%,-0.33%,+0.22%,-0.44%,-0.11%,-0.11%,-0.33%,+0.22%,+0.22%,+0.22%
4137.TW,-5.31%,-3.45%,+1.34%,+1.10%,-1.96%,-1.96%,-1.78%,+1.81%,+6.89%,+6.86%
5225.TW,+0.56%,+0.28%,+1.65%,+0.81%,+0.00%,+0.00%,+0.54%,-0.13%,+0.40%,-0.67%
1438.TW,-0.15%,-1.38%,+0.00%,+0.00%,+0.00%,+0.00%,-2.49%,-0.16%,+0.32%,-1.91%
4927.TW,-1.13%,+0.25%,+0.76%,-0.25%,+0.13%,+0.13%,-1.89%,+2.82%,-0.87%,-0.63%
2511.TW,-0.35%,+0.00%,+0.00%,+0.00%,+0.71%,+0.71%,-0.70%,+0.71%,-0.70%,+0.71%
8150.TW,+6.92%,+0.12%,-2.80%,-0.63%,+0.00%,+0.00%,+0.25%,+0.76%,+7.00%,+0.47%
6438.TW,-2.46%,+0.15%,-0.15%,+0.75%,-0.70%,-0.70%,-0.50%,+2.53%,+3.96%,+2.88%
2359.TW,-1.14%,+4.39%,-1.55%,-2.02%,-1.83%,-1.83%,-1.40%,-0.71%,+2.15%,-0.93%
2891.TW,+0.82%,+0.00%,+0.81%,+0.80%,-0.53%,-0.53%,-0.53%,+1.34%,+1.06%,-0.79%
2455.TW,+3.92%,-0.75%,-0.76%,+0.77%,-1.22%,-1.22%,+0.92%,+1.22%,-0.60%,-0.30%
2492.TW,+0.00%,+0.22%,-0.44%,+1.10%,+0.65%,+0.65%,-0.54%,+2.17%,+1.91%,+0.42%
2347.TW,+0.32%,-0.11%,+1.27%,+0.21%,-1.25%,-1.25%,-0.42%,+0.53%,-0.32%,+1.59%
2332.TW,-0.51%,-1.03%,+0.78%,-0.52%,+0.00%,+0.00%,+1.04%,+0.26%,+0.00%,+1.03%
2404.TW,-0.16%,+3.48%,+1.07%,-0.91%,+1.68%,+1.68%,+0.00%,-0.75%,+1.97%,+1.48%
1722.TW,+0.17%,+0.83%,+1.48%,-0.32%,+0.00%,+0.00%,-1.14%,+1.15%,+0.00%,-0.65%
4916.TW,-2.56%,+2.42%,-1.58%,-0.60%,+0.81%,+0.81%,-0.30%,+6.92%,-1.69%,+2.48%
1418.TW,-1.40%,+0.16%,+0.31%,+0.16%,+0.16%,+0.16%,-0.78%,+0.00%,+1.42%,-0.93%
2923.TW,+5.19%,+3.14%,+4.78%,-4.15%,-2.60%,-2.60%,+0.00%,-0.67%,-0.22%,-0.67%
1453.TW,+1.02%,-0.61%,+0.61%,-1.01%,-0.20%,-0.20%,-0.61%,+0.82%,+0.00%,+0.20%
1538.TW,-1.96%,+3.68%,+1.42%,-1.00%,-0.71%,-0.71%,+1.22%,-0.80%,-0.20%,+0.10%
2466.TW,-0.27%,+0.28%,+0.00%,+0.41%,-0.14%,-0.14%,-0.55%,+0.69%,+0.82%,+0.54%
2612.TW,+0.28%,-0.14%,+0.42%,-0.42%,-0.42%,-0.42%,-0.14%,+0.00%,+0.99%,-0.56%
2367.TW,-0.42%,+0.00%,+0.00%,+0.84%,-0.42%,-0.42%,+0.00%,+0.42%,+1.25%,+0.41%
2426.TW,+4.14%,-1.05%,-1.38%,+1.93%,+0.00%,+0.00%,-1.26%,+2.67%,+0.21%,+5.70%
3031.TW,+1.68%,+0.99%,+0.98%,+0.00%,+0.00%,+0.00%,-1.95%,+3.97%,+0.96%,+0.63%
3189.TW,+0.00%,+0.41%,+2.47%,+0.40%,+3.20%,+3.20%,+0.00%,+5.81%,-1.10%,-1.11%
2206.TW,-1.31%,-0.38%,+0.38%,+2.09%,-0.37%,-0.37%,-0.19%,-0.56%,+2.07%,+3.51%
2030.TW,+0.76%,-4.15%,-3.15%,+3.25%,+3.15%,+3.15%,-3.44%,+1.58%,-0.78%,-0.78%
2881.TW,+1.52%,-0.50%,+0.88%,+1.99%,-0.49%,-0.49%,-1.47%,+1.62%,+1.59%,+1.20%
3443.TW,-2.72%,+0.23%,+0.70%,+1.16%,-0.69%,-0.69%,-0.46%,+4.97%,+6.28%,-0.31%
2329.TW,+2.00%,-2.35%,-2.01%,+6.97%,+0.64%,+0.64%,-1.14%,+0.77%,-0.51%,+0.00%
2316.TW,+0.31%,+0.00%,-0.62%,-1.56%,+0.32%,+0.32%,+0.00%,+0.63%,+0.31%,+1.25%
2834.TW,+0.34%,+1.12%,+0.00%,+0.11%,-0.11%,-0.11%,-0.77%,+0.89%,+0.22%,+0.11%
2022.TW,+0.38%,+0.75%,+0.19%,-0.37%,-0.56%,-0.56%,-0.56%,-0.19%,+0.57%,+0.00%
1310.TW,+0.00%,+0.29%,-1.43%,-0.29%,+0.29%,+0.29%,+0.00%,+0.29%,+1.74%,-0.28%
4551.TW,-0.64%,-0.63%,-0.01%,+1.29%,+0.15%,+0.15%,-0.27%,+0.13%,+0.38%,-0.77%
5608.TW,-0.25%,+0.00%,+0.25%,-0.25%,-0.25%,-0.25%,+0.00%,+0.00%,+0.50%,-0.49%
5203.TW,+0.98%,+0.32%,+0.75%,-0.53%,+0.00%,+0.00%,+0.00%,+1.93%,+0.84%,+3.34%
4904.TW,-0.31%,-0.31%,+0.47%,+0.78%,+0.92%,+0.92%,+2.44%,+3.73%,-1.44%,-0.58%
1305.TW,+0.98%,+0.00%,-1.29%,+0.33%,+0.65%,+0.65%,+0.97%,+0.64%,+1.91%,+0.62%
3532.TW,+0.00%,+0.00%,+0.00%,+0.00%,+0.16%,+0.16%,-0.49%,+1.14%,-0.32%,-0.65%
1314.TW,+5.00%,-2.16%,-2.21%,-0.45%,-0.45%,-0.45%,+0.91%,+0.45%,-0.90%,+0.45%
1304.TW,-0.26%,+1.55%,-0.51%,+0.51%,+0.00%,+0.00%,-1.02%,+0.26%,-0.26%,+0.77%
9906.TW,-6.95%,+0.14%,-1.29%,-0.44%,+0.00%,+0.00%,-0.44%,+0.00%,-0.15%,-2.20%
1227.TW,+1.95%,-0.60%,+0.72%,-0.48%,-0.48%,-0.48%,-0.72%,+1.33%,-0.24%,+1.20%
2340.TW,-0.35%,+1.05%,-0.34%,+0.35%,-0.69%,-0.69%,-0.35%,+1.05%,+3.45%,-0.33%
3027.TW,-0.46%,-0.69%,-1.86%,+0.47%,+0.24%,+0.24%,+0.00%,+1.17%,-0.23%,+5.81%
3138.TW,+0.00%,+2.60%,-1.52%,+0.00%,+0.00%,+0.00%,+0.00%,+0.00%,+0.00%,+0.00%
3017.TW,-1.92%,+0.49%,-0.73%,-1.72%,+0.50%,+0.50%,+3.98%,+1.20%,+6.86%,+6.86%
3037.TW,+3.27%,+1.76%,-0.17%,-0.52%,-0.35%,-0.35%,-1.75%,+2.31%,+1.22%,-1.03%
4106.TW,+0.57%,+0.28%,+1.85%,+0.70%,-1.39%,-1.39%,-0.42%,+0.56%,+0.00%,+0.00%
3060.TW,+5.39%,+0.00%,+2.27%,-1.67%,+0.00%,+0.00%,-2.26%,+2.31%,+1.13%,-1.68%
1503.TW,+0.00%,+0.00%,-0.14%,-0.68%,+0.82%,+0.82%,-0.27%,+0.00%,+0.00%,-0.27%
4155.TW,-1.35%,+0.40%,-1.38%,+0.20%,-0.44%,-0.44%,+0.84%,-0.28%,+0.00%,+0.00%
2607.TW,+0.79%,+0.00%,+0.00%,-0.52%,+0.00%,+0.00%,+1.05%,+0.78%,-0.52%,-0.26%
4755.TW,+0.00%,-2.24%,-2.82%,+0.72%,+0.36%,+0.36%,+0.54%,+1.25%,-1.06%,+2.14%
5469.TW,+0.46%,-0.46%,+0.46%,+0.91%,+1.36%,+1.36%,-0.89%,+0.45%,+0.45%,+0.00%
3305.TW,-0.88%,-0.25%,-0.38%,-0.13%,+0.90%,+0.90%,+0.76%,+0.38%,+0.00%,+0.63%
6214.TW,-3.35%,+1.64%,-0.90%,-0.54%,+1.28%,+1.28%,-1.26%,+0.73%,+1.45%,+0.89%
1216.TW,+1.57%,+0.19%,+0.00%,-0.19%,-0.58%,-0.58%,+0.39%,+0.97%,+0.19%,+1.54%
2887.TW,-0.35%,+1.77%,+0.35%,+0.00%,-0.69%,-0.69%,-0.35%,+0.35%,+0.70%,+0.00%
1471.TW,+0.49%,+0.00%,-0.98%,+0.50%,-0.49%,-0.49%,-0.99%,+2.50%,+2.44%,+0.00%
2493.TW,+0.00%,+2.04%,+1.27%,+0.90%,+0.53%,+0.53%,-1.42%,+1.62%,+1.59%,-0.70%
1590.TW,-1.48%,-1.84%,-1.02%,-0.34%,+6.90%,+6.90%,+2.90%,+0.00%,-0.31%,+0.16%
1710.TW,+0.00%,-0.17%,-1.01%,+0.17%,-0.17%,-0.17%,+0.00%,+0.00%,+0.68%,-0.17%
6213.TW,-0.63%,-0.79%,-0.95%,+1.77%,-1.10%,-1.10%,+0.80%,+1.27%,-0.47%,+1.26%
9103.TW,-0.40%,-0.40%,-1.20%,+1.61%,+0.00%,+0.00%,-1.19%,+2.01%,-0.79%,-0.79%
1452.TW,-0.41%,+0.83%,-0.83%,+0.42%,+0.83%,+0.83%,-0.41%,+0.41%,+0.00%,+0.41%
2337.TW,-0.29%,+1.02%,-1.01%,-0.29%,+0.29%,+0.29%,-0.15%,+0.29%,+0.15%,+3.07%
6133.TW,-0.42%,-1.28%,+0.43%,+1.72%,-1.27%,-1.27%,+0.00%,+6.84%,-1.60%,+0.41%
3036.TW,+0.12%,+2.26%,-1.51%,+0.00%,+0.00%,+0.00%,+1.06%,+0.82%,+1.27%,-0.34%
3518.TW,-0.49%,+0.12%,+1.23%,+0.61%,+1.33%,+1.33%,+4.64%,+0.00%,-0.57%,+0.00%
2495.TW,-2.06%,+0.79%,+0.26%,+1.04%,+0.52%,+0.52%,+2.82%,-0.25%,+1.25%,-0.25%
6225.TW,+1.19%,+2.35%,+0.00%,+0.00%,-2.30%,-2.30%,-5.88%,+2.50%,-6.95%,-6.95%
1444.TW,+0.94%,-0.47%,-0.93%,+0.47%,-0.47%,-0.47%,-0.47%,+0.95%,-0.47%,+0.47%
0056.TW,-0.13%,+0.29%,+0.29%,+0.33%,+0.12%,+0.12%,-0.45%,+0.79%,+0.41%,+0.33%
2364.TW,-1.95%,-4.35%,+5.87%,-6.98%,-6.92%,-6.92%,-6.82%,-6.87%,+6.90%,-6.90%
2377.TW,+2.05%,+5.35%,+4.19%,-1.22%,-0.37%,-0.37%,-2.72%,+7.00%,+0.24%,+0.24%
1236.TW,-0.78%,-0.20%,-0.39%,-0.40%,-0.60%,-0.60%,+0.40%,+1.20%,+0.00%,+1.18%
2397.TW,-0.54%,+0.54%,+0.00%,+0.40%,+0.67%,+0.67%,-1.06%,+0.40%,+2.81%,+2.21%
1608.TW,+0.00%,-0.42%,+1.28%,-0.42%,-0.42%,-0.42%,-0.42%,+0.43%,-0.42%,+2.13%
2006.TW,-0.20%,+0.20%,-0.20%,-0.78%,+0.39%,+0.39%,-0.39%,+0.59%,-0.20%,+0.39%
3034.TW,+1.76%,+0.00%,-0.35%,+1.39%,-0.68%,-0.68%,-0.34%,+1.04%,+1.37%,+1.35%
3588.TW,+0.45%,+0.22%,-0.55%,-0.45%,+1.90%,+1.90%,+3.08%,+1.49%,-0.63%,-0.21%
4994.TW,-2.27%,+0.58%,-1.16%,+2.63%,-1.99%,-1.99%,+2.91%,+1.41%,-0.56%,-1.96%
2603.TW,+0.58%,-0.29%,+0.29%,-0.86%,+0.29%,+0.29%,-0.87%,+0.00%,+0.58%,-0.29%
3528.TW,+0.00%,+0.42%,+0.71%,+2.52%,+0.41%,+0.41%,+0.00%,+6.94%,-0.76%,+1.54%
1459.TW,-0.63%,-0.63%,-0.53%,+0.43%,+0.21%,+0.21%,-0.11%,-0.64%,+0.64%,+0.43%
3016.TW,+1.85%,-0.30%,+0.30%,+3.93%,-0.87%,-0.87%,+1.47%,+0.00%,-0.58%,-0.29%
9919.TW,+0.00%,+0.00%,-0.68%,-1.02%,+0.34%,+0.34%,+0.34%,-0.68%,+0.00%,-0.69%
1326.TW,+1.13%,-0.70%,-0.56%,+1.41%,-0.97%,-0.97%,+0.42%,+1.12%,+0.83%,+0.00%
1583.TW,-1.27%,-0.94%,-1.30%,+6.94%,-1.45%,-1.45%,-0.11%,+0.68%,+0.00%,+1.24%
4919.TW,-1.28%,+1.30%,+0.16%,+1.12%,+3.80%,+3.80%,-0.91%,+0.31%,+0.31%,+0.76%
6142.TW,+0.22%,-1.68%,-0.80%,+0.69%,+1.14%,+1.14%,-1.46%,+0.46%,+0.45%,+0.23%
2321.TW,+1.83%,+4.79%,+6.86%,+6.95%,+3.00%,+3.00%,-2.67%,-5.24%,-6.58%,+6.76%
2327.TW,+2.81%,-1.37%,-1.11%,+5.14%,-3.82%,-3.82%,-0.28%,+0.28%,-0.28%,-0.28%
1473.TW,-3.86%,+0.00%,-0.32%,-0.16%,+0.00%,+0.00%,-0.48%,-0.32%,+0.00%,+2.77%
6278.TW,+0.83%,-0.47%,+0.47%,-0.24%,+0.71%,+0.71%,-1.06%,+0.71%,+0.71%,-0.35%
3005.TW,+1.90%,+0.31%,-1.24%,+0.31%,+0.00%,+0.00%,-0.94%,+1.58%,-0.31%,+5.30%
2009.TW,-0.95%,+0.00%,+0.00%,+0.00%,+0.96%,+0.96%,-0.95%,-0.48%,+0.48%,+0.00%
2610.TW,+0.98%,+0.00%,-0.97%,+0.00%,+0.49%,+0.49%,-0.49%,+0.98%,-0.49%,-0.98%
2836.TW,+0.32%,-0.53%,+0.21%,-0.11%,-0.21%,-0.21%,-0.32%,+0.32%,+0.00%,+0.00%
2611.TW,+0.00%,-1.84%,+1.88%,+0.46%,-0.46%,-0.46%,+0.46%,+0.00%,+0.00%,+0.46%
2379.TW,-0.34%,+0.91%,+0.56%,+0.00%,+0.45%,+0.45%,-1.34%,+2.49%,+1.87%,-0.32%
1760.TW,-1.66%,+1.43%,+0.76%,-2.30%,-1.53%,-1.53%,-0.39%,+0.93%,-2.82%,+1.01%
3533.TW,-1.14%,+6.51%,-2.52%,-0.37%,+1.85%,+1.85%,-1.45%,+6.64%,-0.35%,-4.51%
6120.TW,-1.29%,-0.87%,+0.00%,+2.19%,-0.43%,-0.43%,-1.72%,+1.32%,+0.43%,-0.86%
2882.TW,+1.01%,-0.33%,+1.00%,-0.11%,-0.66%,-0.66%,+0.00%,+0.22%,+0.33%,+0.11%
4737.TW,+2.68%,-0.82%,-1.66%,-0.14%,-0.28%,-0.28%,-3.39%,-1.75%,+1.34%,+0.29%
5434.TW,+0.52%,-0.52%,-0.52%,+0.70%,+0.17%,+0.17%,-0.35%,+0.35%,+0.69%,+0.00%
3059.TW,+0.00%,+1.53%,+0.17%,-0.50%,+3.02%,+3.02%,-2.44%,+1.17%,+0.16%,-1.64%
9924.TW,-1.73%,-0.80%,-0.16%,+0.65%,+0.64%,+0.64%,+0.00%,-0.16%,-0.16%,+0.96%
4938.TW,+0.98%,+1.36%,-0.19%,+4.04%,-1.48%,-1.48%,-2.44%,+3.65%,+0.19%,-0.56%
1470.TW,+0.00%,+0.00%,+0.00%,+0.00%,+0.00%,+0.00%,-1.73%,+0.00%,+0.00%,+1.18%
3338.TW,+1.98%,+0.28%,-0.55%,+6.94%,+0.78%,+0.78%,-1.93%,+0.26%,+2.36%,+1.66%
3702.TW,-2.02%,+0.00%,+0.64%,+0.38%,-1.66%,-1.66%,-0.13%,+0.78%,+0.90%,+1.79%
6136.TW,-1.27%,-0.55%,+0.00%,+0.55%,+0.00%,+0.00%,-0.55%,+0.55%,+0.37%,+0.00%
2548.TW,+0.54%,-0.67%,+0.68%,+0.54%,+0.13%,+0.13%,-0.93%,+1.08%,-0.13%,+0.27%
2615.TW,-0.33%,-0.33%,-0.66%,+0.67%,-0.66%,-0.66%,+0.00%,+0.00%,-1.00%,-0.67%
2606.TW,+1.96%,-1.15%,+0.39%,-0.58%,-0.39%,-0.39%,-0.98%,+0.79%,+0.39%,+0.00%
5519.TW,-0.17%,+0.17%,+0.00%,-0.33%,+0.50%,+0.50%,-0.66%,+0.00%,+0.17%,+0.00%
1308.TW,+0.63%,-0.21%,-0.63%,-0.63%,+0.21%,+0.21%,-0.42%,+0.43%,+0.00%,+1.70%
3596.TW,+2.13%,+0.33%,+0.87%,+0.11%,-0.65%,-0.65%,-1.09%,+1.87%,+0.32%,+3.34%
6168.TW,+0.00%,+0.52%,-0.26%,-0.52%,+0.79%,+0.79%,-0.26%,+1.31%,+5.67%,+1.95%
2468.TW,-1.93%,+1.57%,+6.98%,+1.09%,+6.81%,+6.81%,-2.68%,+3.45%,+0.00%,+0.00%
2851.TW,-0.31%,+0.00%,-1.23%,-0.93%,+0.63%,+0.63%,-0.31%,+0.00%,+0.00%,+0.00%
3041.TW,+1.09%,-1.24%,+0.31%,+0.00%,-0.31%,-0.31%,-0.94%,+1.26%,+4.52%,-1.49%
2472.TW,+0.98%,+0.32%,-0.32%,+1.78%,-0.16%,-0.16%,+0.00%,+6.85%,+4.92%,+0.28%
6426.TW,-1.29%,-0.25%,+3.02%,-2.55%,+1.16%,+1.16%,+1.44%,+1.70%,+11.58%,+0.00%
6112.TW,-0.27%,-0.27%,-0.28%,-0.28%,+0.14%,+0.14%,+0.14%,+0.28%,+0.69%,+2.05%
2601.TW,-0.56%,+0.57%,+6.78%,+0.79%,-0.79%,-0.79%,+6.08%,+3.24%,-0.24%,+5.08%
6005.TW,+0.00%,+0.47%,-1.41%,+0.48%,-0.95%,-0.95%,-0.48%,+1.44%,+0.00%,+0.00%
3051.TW,+0.82%,-0.82%,+0.00%,+2.47%,+0.60%,+0.60%,-3.20%,-0.83%,-3.13%,-1.29%
2449.TW,+0.62%,-0.21%,+0.41%,+3.90%,-1.78%,-1.78%,-0.60%,+1.82%,+3.58%,-0.38%
2702.TW,-0.28%,+0.00%,+0.28%,+0.28%,-0.56%,-0.56%,-0.28%,+0.00%,+0.00%,+0.56%
2616.TW,-2.12%,-1.38%,-1.20%,+0.40%,+1.41%,+1.41%,-0.99%,+0.60%,-0.60%,+0.20%
3167.TW,+1.00%,+1.24%,+2.08%,+1.80%,-1.53%,-1.53%,+4.55%,+1.26%,-0.90%,-0.91%
2892.TW,+0.00%,-0.56%,+0.84%,+0.28%,-0.28%,-0.28%,-0.28%,+0.56%,+0.55%,+0.00%
2889.TW,-0.42%,+0.53%,-0.11%,-0.21%,-0.42%,-0.42%,-0.11%,+0.53%,-0.11%,-0.11%
2014.TW,-0.65%,+0.00%,-0.39%,+0.13%,+0.52%,+0.52%,-0.78%,+0.52%,+0.00%,-0.13%
2438.TW,-6.99%,-6.96%,+0.45%,+2.83%,+1.45%,+1.45%,-1.86%,+0.44%,-1.45%,-1.32%
2231.TW,-0.20%,+2.36%,-1.15%,-0.97%,+3.34%,+3.34%,+6.84%,+6.94%,-1.33%,+6.91%
2354.TW,+1.23%,-4.45%,-1.27%,-1.43%,+1.31%,+1.31%,-1.15%,+0.72%,+0.43%,+0.29%
1904.TW,-0.38%,-0.77%,+0.78%,-0.38%,-0.39%,-0.39%,-0.39%,-0.39%,+0.39%,+0.78%
1512.TW,+2.53%,-0.45%,-1.24%,-3.08%,+0.00%,+0.00%,-0.24%,+0.83%,+2.57%,+3.76%
3062.TW,-1.81%,+0.00%,-1.84%,+1.54%,-0.17%,-0.17%,-0.34%,+0.68%,-0.67%,+6.93%
9929.TW,+0.20%,+0.40%,-0.10%,+0.10%,+0.00%,+0.00%,+3.50%,-1.45%,+0.49%,+0.00%
3043.TW,-4.33%,-0.48%,+6.94%,+6.94%,+6.90%,+6.90%,+2.74%,-2.29%,+6.82%,+6.93%
3416.TW,-1.14%,+1.48%,-1.30%,+0.99%,-0.16%,-0.16%,-0.16%,+1.47%,+1.77%,+1.58%
2115.TW,-0.46%,+0.57%,+2.63%,+0.67%,+3.98%,+3.98%,+6.81%,+6.97%,+3.91%,-0.90%
4142.TW,+0.39%,-0.52%,+0.26%,+1.44%,+0.13%,+0.13%,-0.51%,-0.13%,-0.39%,+1.04%
5388.TW,+0.50%,+0.00%,-0.33%,+0.67%,+0.83%,+0.83%,-2.30%,+0.84%,+1.83%,+1.14%
1541.TW,-1.27%,-0.26%,-2.31%,-0.79%,+1.86%,+1.86%,-1.56%,-0.79%,+2.13%,+6.79%
2530.TW,-1.71%,+6.94%,-2.27%,-1.33%,+0.00%,+0.00%,-1.01%,+3.40%,-0.66%,+0.66%
3419.TW,-2.85%,-2.28%,-0.67%,+3.36%,-1.30%,-1.30%,+0.33%,+1.64%,+3.55%,-0.31%
5222.TW,+0.00%,+0.00%,+2.26%,+0.67%,+0.00%,+0.00%,+0.00%,+0.00%,+3.13%,+1.49%
1528.TW,+0.33%,+0.33%,-0.66%,+0.00%,-0.33%,-0.33%,-0.67%,+0.67%,-0.33%,+0.33%
8072.TW,+6.96%,-1.60%,+0.87%,-0.75%,-3.79%,-3.79%,+0.68%,+0.56%,+1.00%,+1.43%
2344.TW,-1.40%,+3.05%,-1.48%,+0.50%,-0.60%,-0.60%,-0.40%,+1.51%,+0.00%,+6.93%
1460.TW,+4.48%,-0.86%,-0.87%,-0.87%,+6.61%,+6.61%,+6.61%,+3.10%,+1.50%,+0.00%
2105.TW,-2.20%,+0.00%,+1.25%,-0.99%,-0.37%,-0.37%,+0.25%,+0.37%,-0.25%,-0.37%
2460.TW,-5.35%,-0.87%,+1.75%,-0.43%,+0.43%,+0.43%,+0.00%,+2.16%,+0.00%,-1.27%
4999.TW,-0.34%,+0.17%,+1.85%,-1.49%,-0.67%,-0.67%,+0.17%,+1.52%,-0.66%,+0.84%
3035.TW,-0.67%,+3.08%,+1.17%,+0.77%,-2.04%,-2.04%,-2.60%,+1.87%,+6.96%,+3.93%
2357.TW,+2.71%,+1.98%,+0.16%,-1.13%,+0.82%,+0.82%,-1.13%,+2.46%,+0.80%,+0.48%
2801.TW,+0.85%,+0.28%,+0.28%,-0.28%,-0.84%,-0.84%,+0.56%,+0.56%,+0.28%,+0.28%
3040.TW,-3.70%,-1.22%,-1.24%,+0.36%,+0.71%,+0.71%,+2.30%,+3.64%,+2.01%,-3.77%
2491.TW,+0.00%,+6.57%,-6.83%,+6.86%,+6.86%,+6.86%,+6.83%,+0.78%,-1.92%,+6.86%
2439.TW,+1.29%,+5.73%,+5.12%,+3.44%,-1.39%,-1.39%,-0.84%,+2.83%,+3.86%,-2.39%
2371.TW,-1.05%,+0.00%,-0.53%,+0.11%,+0.64%,+0.64%,+1.48%,-0.10%,-0.42%,+0.31%
2614.TW,-1.07%,-3.60%,-4.10%,-0.39%,+1.56%,+1.56%,-0.77%,+0.00%,+1.55%,+0.00%
2204.TW,+1.82%,-0.36%,+0.90%,+1.60%,-0.35%,-0.35%,-0.35%,+0.53%,+0.35%,+0.70%
5871.TW,+1.13%,+2.23%,+0.27%,-0.68%,-1.37%,-1.37%,-0.14%,+0.70%,+0.55%,+0.83%
1110.TW,+1.89%,-0.93%,-0.94%,+0.95%,-1.25%,-1.25%,-0.95%,+1.60%,+0.31%,-1.25%
2429.TW,-0.99%,-3.50%,+1.04%,+2.56%,+0.00%,+0.00%,+0.00%,+0.00%,+0.00%,+0.00%
1809.TW,-0.33%,-0.66%,-0.67%,+0.67%,+0.67%,+0.67%,+0.00%,+0.99%,+1.97%,-0.32%
2342.TW,-0.84%,-1.02%,+6.87%,+6.91%,+1.05%,+1.05%,-2.08%,-0.15%,+3.50%,-1.47%
1609.TW,-0.95%,-1.38%,+0.00%,+0.42%,-0.56%,-0.56%,-0.56%,+0.70%,+0.14%,+0.28%
1440.TW,-2.76%,-2.58%,-1.06%,+1.88%,-1.32%,-1.32%,-0.80%,+1.08%,-0.53%,+0.53%
5269.TW,-3.84%,+2.97%,+2.99%,+6.76%,+6.79%,+6.79%,+6.78%,+6.75%,+6.69%,+6.97%
5285.TW,-0.68%,+0.68%,+2.25%,+1.65%,+3.90%,+3.90%,-2.19%,+1.07%,-1.69%,+0.75%
6243.TW,+0.27%,+2.13%,-2.35%,+0.00%,+0.00%,+0.00%,+0.27%,+6.93%,-1.75%,+1.02%
3229.TW,+0.44%,+4.84%,-2.10%,-0.32%,-0.32%,-0.32%,-2.37%,+0.88%,-0.22%,+0.66%
9941.TW,-0.26%,+0.78%,+0.26%,+0.77%,-0.25%,-0.25%,+0.13%,+0.00%,-0.25%,-0.64%
1301.TW,+0.52%,-0.91%,-0.26%,+1.05%,-1.17%,-1.17%,+0.79%,+0.91%,-0.13%,+0.52%
6202.TW,-1.91%,+1.17%,-1.15%,+0.39%,+1.36%,+1.36%,-1.72%,+2.72%,+6.82%,+4.26%
912000.TW,+0.37%,-0.37%,+0.00%,-0.37%,+0.75%,+0.75%,-0.37%,+1.86%,-1.46%,+0.00%
1101.TW,+0.68%,+2.26%,+1.32%,-3.05%,-0.22%,-0.22%,-0.90%,+0.23%,+0.23%,-0.11%
3504.TW,-1.18%,+0.51%,+0.17%,+1.18%,-1.00%,-1.00%,+0.34%,+1.01%,-1.00%,+1.18%
2903.TW,+1.47%,-0.18%,-0.36%,+0.36%,-0.18%,-0.18%,-1.09%,+0.74%,+0.36%,+0.73%
5521.TW,+0.36%,-0.36%,-0.71%,-0.36%,-0.36%,-0.36%,+0.36%,-0.36%,-0.36%,+0.00%
2421.TW,-1.32%,-0.44%,-2.23%,+4.11%,+1.32%,+1.32%,-3.03%,-0.67%,+1.80%,+0.22%
1525.TW,+3.92%,-1.45%,-0.29%,-2.21%,+0.75%,+0.75%,+0.30%,+1.64%,-1.17%,+6.98%
6239.TW,+1.17%,+4.62%,-0.74%,-0.74%,-0.75%,-0.75%,+0.75%,+0.93%,+1.29%,-1.28%
9907.TW,-1.43%,-1.45%,+0.16%,-0.16%,-0.16%,-0.16%,-0.66%,+0.00%,+0.83%,+0.16%
3010.TW,-0.17%,+2.25%,-1.36%,+0.86%,-0.34%,-0.34%,-1.88%,+1.05%,-0.86%,+1.22%
2886.TW,+0.43%,+0.64%,+0.00%,+0.21%,-1.26%,-1.26%,-0.43%,+1.71%,+1.47%,+0.83%
2376.TW,-2.04%,+2.08%,-1.73%,+1.35%,+1.23%,+1.23%,+0.00%,+0.61%,+0.00%,-0.20%
5706.TW,+0.38%,-0.96%,-0.58%,+0.39%,-0.58%,-0.58%,-1.17%,+0.39%,+0.20%,+1.18%
1419.TW,+0.78%,-1.69%,+0.79%,+0.00%,+0.00%,+0.00%,-0.79%,+0.26%,+0.53%,+0.00%
6412.TW,+0.23%,+0.12%,+2.21%,+3.07%,+0.99%,+0.99%,-1.31%,+1.77%,-0.22%,+0.22%
4720.TW,+0.00%,-0.34%,-0.68%,+0.69%,-0.34%,-0.34%,-0.68%,+0.34%,+0.00%,-0.69%
3019.TW,-3.16%,-0.51%,-0.17%,+0.52%,+0.34%,+0.34%,-1.37%,+1.39%,+0.00%,+2.05%
3545.TW,+0.19%,-0.38%,+0.00%,-0.57%,+0.38%,+0.38%,+1.89%,+1.86%,+0.18%,+0.00%
6283.TW,-5.51%,+6.95%,-1.97%,+0.00%,-0.47%,-0.47%,-1.19%,+0.12%,-0.36%,-2.65%
2458.TW,-1.49%,+0.38%,+0.56%,+1.12%,-0.74%,-0.74%,-1.30%,+1.89%,+1.85%,+2.73%
1597.TW,-3.73%,+0.22%,-0.77%,+0.33%,+1.11%,+1.11%,-0.88%,+0.22%,+0.11%,+6.95%
2328.TW,+0.23%,-0.68%,-2.04%,+0.23%,+0.46%,+0.46%,-0.23%,+1.61%,-0.91%,+1.60%
9926.TW,-0.70%,+0.00%,+0.00%,-0.23%,+0.00%,+0.00%,+2.24%,-2.19%,+0.00%,-1.18%
1439.TW,-0.70%,-0.35%,+1.06%,+0.00%,-0.35%,-0.35%,-1.05%,+0.71%,+1.41%,+0.00%
4915.TW,+1.58%,+2.12%,-0.83%,+4.20%,+0.67%,+0.67%,-2.13%,+0.95%,+0.81%,+1.47%
0052.TW,+0.69%,+0.84%,-0.24%,+0.30%,+1.13%,+1.13%,-1.09%,+1.16%,+1.36%,+6.64%
1447.TW,+0.00%,+0.00%,-0.36%,+0.00%,+0.36%,+0.36%,-1.08%,+0.36%,-1.09%,-1.10%
1213.TW,-0.23%,-0.23%,-0.23%,+0.00%,-0.94%,-0.94%,-0.47%,-0.71%,-0.48%,-1.20%
5234.TW,+0.00%,+1.92%,+1.13%,+0.56%,-1.86%,-1.86%,-3.21%,+0.39%,+3.11%,+3.02%
3515.TW,-0.84%,+0.42%,-0.84%,+2.54%,-1.24%,-1.24%,+0.42%,+0.42%,+0.00%,+2.49%
1805.TW,+0.83%,+2.48%,-2.42%,+5.37%,-0.39%,-0.39%,-0.79%,+5.16%,+3.40%,-2.19%
2363.TW,-0.69%,+0.35%,+0.23%,+0.46%,+0.34%,+0.34%,+0.00%,+2.27%,-0.67%,+0.00%
2911.TW,+0.00%,+0.00%,+0.00%,+0.00%,+0.00%,+0.00%,+0.00%,+0.00%,+0.00%,+0.00%
6117.TW,+0.58%,-0.29%,+0.58%,+6.90%,+6.99%,+6.99%,+6.03%,+5.69%,-2.24%,+0.46%
3645.TW,+0.79%,-2.35%,-2.40%,-0.82%,-0.83%,-0.83%,-1.50%,+6.95%,+2.38%,+0.00%
2414.TW,-0.31%,+2.48%,-0.61%,+6.71%,-1.14%,-1.14%,-0.87%,+0.29%,+2.03%,+2.56%
2705.TW,+0.00%,-0.44%,+0.89%,+0.44%,-0.44%,-0.44%,-0.88%,+0.00%,+0.45%,+1.78%
2355.TW,+0.00%,+0.35%,+1.06%,+1.75%,-1.37%,-1.37%,-0.52%,+1.05%,-0.35%,-0.35%
1465.TW,-0.25%,+0.00%,-0.25%,+0.25%,+0.25%,+0.25%,+0.74%,+0.24%,-0.73%,+0.74%
1598.TW,+0.00%,+0.00%,-2.53%,+0.00%,+0.00%,+0.00%,+0.00%,+0.00%,+0.00%,+0.00%
2480.TW,+0.87%,-0.34%,-1.21%,+0.70%,+0.52%,+0.52%,+0.34%,+0.00%,+1.03%,+0.68%
2233.TW,-4.31%,+2.87%,+1.59%,-1.18%,+0.40%,+0.40%,+2.37%,+1.54%,-0.38%,+3.82%
2527.TW,-0.31%,+0.31%,+0.62%,-0.62%,+0.62%,+0.62%,-0.62%,+1.24%,-0.92%,+0.62%
4108.TW,-0.53%,+0.00%,+0.13%,+0.13%,+0.94%,+0.94%,-1.06%,+0.13%,+0.13%,+6.94%
2330.TW,+1.24%,+0.00%,+0.00%,-0.82%,+0.00%,+0.00%,-0.41%,+1.24%,+0.00%,+0.82%
2385.TW,+1.02%,+2.02%,-1.11%,-1.25%,+0.00%,+0.00%,+0.13%,+1.14%,-0.38%,+1.38%
1529.TW,-4.46%,-3.33%,-1.72%,+0.00%,+1.05%,+1.05%,-2.08%,-0.71%,-1.07%,+4.33%
1413.TW,-0.73%,+0.00%,-0.49%,+0.00%,+0.00%,+0.00%,-1.48%,+0.00%,+0.00%,-1.25%
3004.TW,+0.17%,+0.83%,+0.49%,-0.81%,+3.12%,+3.12%,-0.48%,+6.88%,+6.89%,+6.86%
3296.TW,+2.36%,-1.85%,-0.47%,-0.24%,+1.42%,+1.42%,-0.47%,-0.70%,+4.02%,+0.00%
910861.TW,+0.00%,+0.00%,+0.00%,+0.00%,+0.00%,+0.00%,+0.00%,+0.00%,+0.00%,+0.00%
6442.TW,-0.79%,+0.80%,+0.00%,-1.05%,+0.00%,+0.00%,+6.33%,+1.05%,-0.74%,+0.02%
8081.TW,+1.17%,+0.10%,+0.10%,+0.10%,-0.63%,-0.63%,-0.95%,+0.85%,+0.84%,+0.73%
1727.TW,-0.29%,+0.00%,+0.29%,+1.15%,+0.00%,+0.00%,+0.28%,+3.40%,-0.27%,+0.55%
4943.TW,+0.00%,+0.00%,+0.00%,+0.00%,+0.00%,+0.00%,+0.00%,-4.52%,+4.35%,+0.00%
1587.TW,-1.74%,+1.77%,+0.69%,+1.90%,+0.85%,+0.85%,-2.35%,+2.99%,+0.77%,+0.63%
2017.TW,-1.20%,+0.00%,-0.30%,-0.46%,-0.61%,-0.61%,-0.92%,-0.31%,+0.31%,-0.16%
2912.TW,+0.89%,+0.00%,+0.00%,+0.22%,+0.00%,+0.00%,+1.77%,+0.65%,+2.59%,+1.05%
6197.TW,-0.52%,+0.00%,+0.00%,+3.12%,+1.01%,+1.01%,-1.67%,+1.69%,+1.33%,+0.16%
9110.TW,-2.62%,-2.69%,+0.00%,+3.59%,-2.40%,-2.40%,+0.55%,+0.00%,+0.00%,+0.54%
9914.TW,+2.30%,+0.00%,+1.25%,+1.72%,-0.97%,-0.97%,-0.24%,+0.00%,-0.25%,+0.74%
3024.TW,-0.17%,+0.00%,+3.02%,-1.14%,+0.49%,+0.49%,-1.31%,+0.83%,+1.48%,-0.97%
2605.TW,-0.39%,+1.56%,+0.77%,-0.19%,+0.19%,+0.19%,+0.19%,+0.19%,+0.38%,+0.38%
2712.TW,-1.18%,+0.00%,-0.48%,+0.00%,+0.72%,+0.72%,-0.71%,+2.40%,-0.47%,-0.94%
3652.TW,+0.18%,-0.73%,-2.95%,+2.47%,-0.56%,-0.56%,+0.56%,-0.74%,+6.90%,+3.32%
4935.TW,+2.75%,+0.11%,-3.46%,+6.93%,-0.65%,-0.65%,-1.09%,+0.88%,-1.74%,-1.33%
1436.TW,+0.00%,+0.00%,+1.28%,+0.00%,-0.21%,-0.21%,-0.11%,+0.11%,+0.00%,+0.00%
1215.TW,-1.16%,-1.17%,+0.20%,-0.59%,-0.60%,-0.60%,+0.40%,+1.39%,+0.59%,-1.95%
1708.TW,+2.83%,+2.60%,+1.19%,+6.92%,-0.55%,-0.55%,+6.65%,+1.30%,+0.26%,-2.81%
2915.TW,-0.14%,+0.56%,+0.42%,+0.14%,-0.55%,-0.55%,-0.83%,+0.70%,+0.28%,-0.55%
8210.TW,+0.98%,+0.22%,+1.40%,+4.14%,-0.61%,-0.61%,-0.82%,+6.83%,-0.78%,+1.76%
2613.TW,+0.00%,+0.00%,+1.31%,-0.26%,-0.26%,-0.26%,+0.00%,+0.52%,+0.00%,-0.77%
2547.TW,+0.00%,-1.28%,-0.87%,-0.22%,-0.66%,-0.66%,+0.00%,+1.10%,+0.00%,-0.22%
2399.TW,+0.79%,+0.00%,+0.00%,+0.39%,+1.95%,+1.95%,+0.38%,+0.00%,+1.14%,+1.50%
1468.TW,+1.65%,-0.61%,+1.83%,-0.50%,+0.00%,+0.00%,-0.60%,+0.71%,+0.20%,-0.50%
2820.TW,+0.00%,-0.43%,+0.86%,-0.43%,+0.00%,+0.00%,+0.00%,+0.00%,+0.43%,+0.43%
3042.TW,+3.06%,-0.88%,-1.33%,-2.81%,+0.69%,+0.69%,+0.23%,+1.38%,+2.15%,+0.00%
4934.TW,+0.85%,-1.26%,+0.42%,+2.11%,-0.41%,-0.41%,-1.46%,+0.84%,+0.84%,+0.41%
2424.TW,+0.00%,-0.26%,-2.05%,-1.83%,+1.06%,+1.06%,-0.53%,+1.98%,+2.46%,+0.00%
6271.TW,+1.31%,+0.65%,+0.00%,-2.56%,+0.00%,+0.00%,-1.64%,-0.33%,+2.68%,+0.65%
2441.TW,+1.87%,-0.26%,-0.39%,+0.00%,+0.40%,+0.40%,-0.52%,+0.40%,+1.45%,+0.78%
8464.TW,+0.00%,+0.00%,+0.00%,+0.00%,+0.00%,+0.00%,+0.00%,+0.00%,+0.00%,+0.00%
2442.TW,-0.78%,+0.23%,-0.11%,+0.11%,+0.00%,+0.00%,-1.24%,+2.28%,+0.11%,+1.00%
3257.TW,+0.87%,-0.37%,+0.00%,+1.73%,+4.50%,+4.50%,+0.23%,+2.78%,+3.05%,+0.44%
8940.TW,-0.44%,+0.22%,+0.89%,-0.66%,-1.33%,-1.33%,-0.90%,-0.23%,+0.23%,+0.23%
8021.TW,+0.00%,+0.22%,+1.54%,+1.74%,-1.92%,-1.92%,-0.43%,+1.09%,+0.00%,+0.22%
8070.TW,+0.50%,+0.75%,+0.37%,+1.36%,-0.37%,-0.37%,-0.12%,+0.62%,+0.86%,+1.70%
1905.TW,-0.32%,+0.33%,+0.00%,-0.11%,+0.54%,+0.54%,-0.43%,+0.76%,+0.00%,+1.07%
1456.TW,+2.22%,+0.00%,+1.52%,-4.71%,-3.93%,-3.93%,-0.58%,+5.29%,+6.93%,+2.40%
1402.TW,+1.44%,-0.79%,+0.00%,-1.11%,-0.32%,-0.32%,-0.16%,+0.00%,+0.81%,+0.00%
1313.TW,+0.77%,-1.92%,-0.78%,+0.39%,-1.57%,-1.57%,+0.00%,+0.80%,+0.79%,-0.39%
3450.TW,+1.85%,+5.00%,+0.43%,+3.45%,-1.25%,-1.25%,+0.84%,+2.93%,+3.66%,-3.53%
3003.TW,+1.41%,-0.60%,-0.50%,+3.12%,-1.56%,-1.56%,+0.00%,+4.75%,-0.38%,-0.76%
2444.TW,-3.29%,+0.97%,-2.88%,+0.00%,+0.99%,+0.99%,-0.98%,+0.00%,-1.19%,-0.10%
2323.TW,-2.01%,+0.68%,-0.45%,+2.05%,-0.67%,-0.67%,-0.67%,+0.45%,+0.00%,+0.90%
2368.TW,-0.25%,-0.63%,-0.63%,+0.51%,-0.51%,-0.51%,-0.76%,+0.38%,+2.55%,-0.62%
1476.TW,-3.01%,+1.63%,+1.61%,+1.90%,-5.59%,-5.59%,-6.91%,-1.77%,+2.52%,+6.84%
3058.TW,+0.00%,+0.00%,+0.38%,-0.37%,-0.75%,-0.75%,+0.00%,+1.14%,+2.25%,+0.00%
9933.TW,+0.70%,-1.79%,+2.23%,-0.40%,-0.80%,-0.80%,-0.60%,+1.21%,+0.00%,+0.60%
6277.TW,-0.44%,+0.11%,-0.55%,+3.12%,-1.30%,-1.30%,-1.42%,+0.33%,+0.33%,+2.32%
5607.TW,+0.21%,+0.21%,+0.00%,+0.21%,+0.84%,+0.84%,+0.21%,+0.62%,-0.82%,-0.83%
6152.TW,+0.00%,+0.23%,-0.23%,+0.23%,-0.23%,-0.23%,+0.00%,+0.47%,-0.23%,-0.23%
2890.TW,+0.76%,+0.00%,+0.75%,-0.37%,-0.75%,-0.75%,-0.76%,+0.00%,+0.76%,+0.00%
2486.TW,+0.00%,+0.98%,-0.73%,+0.49%,+0.73%,+0.73%,-0.73%,+0.49%,+2.91%,+1.89%
2454.TW,+2.54%,-0.79%,+0.40%,-1.99%,+0.00%,+0.00%,-0.71%,+3.38%,-1.29%,-0.80%
6257.TW,+0.00%,+0.00%,+0.17%,+1.99%,-0.81%,-0.81%,-0.82%,+1.49%,+1.79%,+3.21%
6414.TW,+0.59%,+3.33%,-1.76%,+0.00%,+1.49%,+1.49%,-1.76%,+1.20%,+0.59%,-1.76%
4739.TW,+0.00%,+0.61%,-1.41%,+3.67%,-1.57%,-1.57%,+0.00%,-2.00%,+0.61%,+0.61%
1626.TW,-5.74%,+0.66%,+0.16%,+0.82%,-0.49%,-0.49%,-0.49%,-0.33%,-0.66%,+0.66%
2482.TW,-0.35%,+0.00%,-0.71%,+0.00%,-0.36%,-0.36%,-0.36%,+0.72%,-0.36%,-1.08%
3168.TW,+2.09%,-0.26%,+2.83%,-2.50%,+0.00%,+0.00%,-0.51%,+4.38%,+9.14%,+1.81%
1225.TW,-1.81%,-0.74%,+0.37%,-0.74%,+0.00%,+0.00%,-0.37%,+0.37%,-0.37%,+0.37%
2731.TW,-3.27%,+1.45%,+0.95%,+1.89%,-0.93%,-0.93%,+0.47%,+1.86%,+0.46%,+2.27%
2380.TW,+0.00%,+0.00%,+0.00%,+0.49%,-0.48%,-0.48%,+2.91%,+0.94%,+0.00%,+0.00%
6206.TW,+0.00%,-1.28%,-0.43%,-0.43%,+0.87%,+0.87%,-0.43%,+2.17%,+0.85%,-0.84%
2852.TW,+0.00%,-1.08%,-0.55%,+1.37%,+0.00%,+0.00%,-0.54%,-0.27%,+0.00%,+0.00%
3026.TW,+0.24%,-0.37%,+0.12%,+0.49%,+0.00%,+0.00%,-0.73%,+1.23%,+0.00%,+0.97%
3617.TW,+0.55%,-1.77%,-0.42%,+0.42%,-0.83%,-0.83%,-0.28%,-0.56%,+0.71%,-0.70%
2338.TW,+2.88%,-0.93%,-0.94%,+0.00%,+0.48%,+0.48%,-1.42%,+0.96%,+0.95%,+0.94%
2501.TW,-0.29%,-0.29%,+0.00%,+0.58%,+0.00%,+0.00%,-0.57%,+0.87%,+0.29%,+0.00%
2597.TW,-0.43%,-0.28%,+2.86%,+0.69%,+0.14%,+0.14%,+0.00%,+0.69%,-0.41%,-0.82%
5907.TW,+3.69%,-1.45%,+2.62%,+1.28%,+0.79%,+0.79%,+3.76%,+5.58%,-0.43%,+4.16%
9908.TW,-1.06%,+1.08%,+0.64%,+0.21%,+0.00%,+0.00%,-0.42%,+0.42%,+1.05%,-0.63%
2855.TW,-0.30%,+0.30%,-0.61%,-0.31%,+0.00%,+0.00%,-1.23%,+0.00%,-0.62%,+1.25%
3032.TW,-3.26%,+4.57%,+1.84%,+0.68%,+2.69%,+2.69%,+2.18%,+0.64%,+2.55%,-0.41%
1477.TW,-2.05%,+2.44%,+3.40%,+1.32%,-1.95%,-1.95%,-1.66%,+0.34%,+0.34%,+2.01%
6505.TW,-0.39%,-1.05%,-1.20%,-0.27%,-0.68%,-0.68%,-0.54%,+0.96%,+0.27%,-0.14%
2405.TW,+4.98%,-1.72%,-1.32%,+0.44%,-0.44%,-0.44%,-0.44%,+2.23%,-0.87%,+3.96%
1340.TW,+2.29%,-1.12%,+0.75%,-0.37%,+0.38%,+0.38%,-0.37%,+1.13%,+0.37%,+2.59%
2356.TW,+3.04%,-0.18%,+1.48%,-1.82%,+1.30%,+1.30%,+1.10%,+0.18%,-0.36%,+0.54%
6139.TW,-0.75%,-1.50%,+0.00%,+0.76%,-0.38%,-0.38%,-0.19%,+0.19%,-0.57%,+0.00%
1906.TW,-0.49%,+0.49%,+0.49%,-1.46%,+0.00%,+0.00%,+0.50%,+1.97%,+0.00%,-0.48%
1519.TW,-0.31%,-0.31%,+0.32%,-0.31%,+0.95%,+0.95%,+1.56%,+0.31%,-0.61%,-0.93%
1235.TW,+3.99%,+2.56%,+5.30%,-2.96%,+3.05%,+3.05%,-2.51%,+0.15%,+1.82%,-1.04%
1504.TW,+2.43%,+0.59%,+0.15%,+1.32%,-2.47%,-2.47%,+1.19%,-0.15%,+0.15%,+0.29%
6192.TW,+2.07%,+0.54%,-0.54%,-0.68%,+0.41%,+0.41%,-0.95%,+0.27%,-0.41%,+0.00%
2436.TW,-0.50%,+0.17%,+0.84%,-0.67%,+1.34%,+1.34%,-0.99%,+1.17%,+0.66%,+0.66%
2027.TW,-2.90%,-3.26%,+0.28%,+0.00%,+0.00%,+0.00%,-1.96%,+0.00%,+2.86%,-0.83%
2440.TW,-2.10%,+1.29%,-2.54%,-0.43%,-0.87%,-0.87%,-0.44%,+0.00%,+0.44%,-0.44%
9918.TW,+0.00%,-0.15%,-0.45%,-0.76%,+0.31%,+0.31%,-0.15%,+0.30%,-0.15%,+0.00%
3711.TW,+0.72%,-0.43%,+1.43%,-0.14%,+3.25%,+3.25%,-0.82%,+3.18%,-0.54%,-0.13%
8033.TW,+0.33%,-0.97%,-3.61%,+0.68%,+6.76%,+6.76%,+3.80%,-0.30%,-0.92%,-0.62%
4967.TW,+0.00%,+2.97%,+0.00%,+0.00%,+0.00%,+0.00%,+0.00%,-2.22%,+15.15%,-2.37%
2467.TW,+1.12%,+0.00%,+0.00%,+0.18%,+1.66%,+1.66%,-1.81%,-2.40%,+0.00%,-0.95%
6215.TW,-1.61%,-0.33%,-0.33%,+2.97%,+0.00%,+0.00%,+0.00%,-0.64%,+1.29%,+0.32%
3653.TW,+5.39%,-0.93%,+4.69%,+2.24%,-0.44%,-0.44%,-0.88%,+1.33%,-1.32%,+0.00%
9931.TW,-0.61%,-0.98%,+0.12%,+0.00%,-0.12%,-0.12%,-0.25%,+0.87%,-0.86%,+0.12%
8101.TW,+2.39%,+0.00%,+0.29%,-1.16%,+2.94%,+2.94%,-0.86%,+5.48%,-3.01%,-2.25%
3171.TWO,-1.57%,+1.83%,-6.95%,-3.61%,-1.25%,-1.25%,-2.53%,+0.00%,+1.04%,-1.54%
4721.TWO,-0.63%,+2.22%,+2.17%,+0.91%,+2.70%,+2.70%,-1.75%,+0.30%,+2.97%,+6.92%
3086.TWO,+2.78%,-3.38%,-0.70%,+0.35%,-2.81%,-2.81%,-3.61%,+1.12%,-1.11%,+6.74%
4544.TWO,-2.68%,-0.05%,-1.69%,+3.19%,+0.00%,+0.00%,+1.71%,-0.28%,+0.00%,+0.00%
4510.TWO,+2.54%,+1.65%,-0.41%,+0.00%,+0.81%,+0.81%,-1.41%,+2.25%,-0.80%,+0.61%
6194.TWO,+1.04%,-1.28%,+0.78%,+1.03%,-1.02%,-1.02%,-0.77%,+0.00%,+0.26%,+1.55%
6124.TWO,-3.56%,+0.19%,+6.98%,-0.91%,-2.01%,-2.01%,+0.19%,-1.30%,-0.19%,-3.59%
6294.TWO,+0.00%,-0.99%,-0.25%,-0.63%,-1.89%,-1.89%,+0.00%,+1.28%,+1.27%,+2.00%
5403.TWO,-0.20%,+0.00%,-1.03%,+0.83%,+0.62%,+0.62%,+0.82%,+0.61%,-0.60%,-1.62%
5455.TWO,+6.43%,-0.34%,-6.73%,+6.86%,-3.72%,-3.72%,+5.26%,-3.33%,-3.45%,+1.79%
6113.TWO,+0.70%,-0.58%,-0.35%,-0.59%,-0.36%,-0.36%,-1.19%,+6.49%,+1.69%,-0.67%
3372.TWO,-0.49%,+0.50%,-0.49%,+1.98%,-0.97%,-0.97%,-0.49%,+0.99%,+1.95%,+0.00%
6158.TWO,-1.09%,+2.21%,+0.72%,+3.21%,+0.35%,+0.35%,-2.41%,+0.00%,-0.71%,+0.36%
8433.TWO,-1.36%,+1.06%,-0.52%,+0.00%,-0.21%,-0.21%,+0.21%,+0.21%,+1.05%,-1.25%
3499.TWO,-0.43%,+1.73%,+0.43%,-0.42%,+0.00%,+0.00%,+3.40%,-3.29%,+2.55%,+0.41%
6223.TWO,+0.49%,-0.24%,+3.90%,+3.05%,+0.11%,+0.11%,+0.45%,+2.94%,-0.66%,+1.00%
6261.TWO,+0.16%,+0.49%,-0.49%,+0.98%,-0.16%,-0.16%,-0.97%,+0.98%,+0.65%,+0.64%
3434.TWO,+0.00%,-0.50%,+0.00%,+0.00%,-0.30%,-0.30%,+0.00%,+0.10%,-0.10%,+1.81%
3219.TWO,+0.72%,-2.50%,-2.56%,+1.50%,-2.22%,-2.22%,-6.06%,+0.40%,+6.83%,+6.77%
4951.TWO,+0.54%,-1.08%,+0.00%,+3.26%,-4.21%,-4.21%,+1.10%,+0.00%,+0.00%,+0.00%
4537.TWO,+0.00%,+1.60%,+0.00%,+0.00%,+0.00%,+0.00%,+0.00%,+0.00%,+0.00%,+0.00%
4167.TWO,+1.83%,-0.20%,-0.16%,+3.57%,+8.53%,+8.53%,+3.82%,+4.51%,-1.22%,-0.27%
8354.TWO,-0.86%,-0.87%,+0.58%,+0.87%,-1.73%,-1.73%,+0.59%,-0.29%,+0.00%,+0.58%
6173.TWO,-1.77%,+1.35%,-1.33%,+0.00%,+1.35%,+1.35%,-0.89%,-0.45%,+3.15%,+0.87%
3224.TWO,+1.64%,-0.65%,+3.90%,+1.56%,-1.08%,-1.08%,-0.16%,-0.78%,+6.12%,-2.66%
8930.TWO,-0.30%,-0.91%,-0.31%,+0.31%,-0.92%,-0.92%,-0.31%,+0.62%,+1.23%,-0.30%
4150.TWO,-0.04%,+0.53%,+0.92%,+8.70%,+0.36%,+0.36%,-0.29%,+0.06%,+0.48%,-3.69%
5355.TWO,-0.39%,-0.39%,-1.56%,-0.79%,+0.40%,+0.40%,+0.00%,+0.40%,+0.79%,+0.00%
006201.TWO,+0.69%,+0.53%,-0.53%,+1.30%,-0.15%,-0.15%,-0.38%,+1.44%,+1.27%,+1.03%
3184.TWO,+3.20%,+0.00%,+1.87%,-3.23%,+1.31%,+1.31%,+7.11%,-4.07%,+2.52%,-1.26%
3609.TWO,-0.55%,-1.11%,-0.56%,+2.82%,-2.20%,-2.20%,-0.28%,+2.25%,-0.83%,+0.00%
8923.TWO,+0.00%,+0.00%,+0.00%,+0.00%,+0.00%,+0.00%,+0.00%,+0.00%,+0.00%,+0.00%
8068.TWO,+3.95%,-0.74%,-6.17%,+0.00%,+6.92%,+6.92%,+6.57%,-0.50%,+0.00%,+0.00%
1586.TWO,+0.28%,+0.84%,-1.95%,-1.28%,+5.61%,+5.61%,-2.59%,+1.82%,-0.27%,-1.79%
8932.TWO,-1.82%,+0.00%,+2.96%,+2.16%,-2.11%,-2.11%,+0.36%,+0.36%,-1.43%,-0.36%
8908.TWO,+0.00%,+1.72%,-1.20%,+2.80%,-0.36%,-0.36%,-0.36%,-0.12%,-1.67%,+0.49%
4174.TWO,+2.10%,+3.04%,-0.33%,-3.97%,-1.91%,-1.91%,+0.17%,+2.10%,+3.62%,+6.88%
6240.TWO,+6.76%,+0.00%,+7.00%,+0.00%,+0.00%,+0.00%,+0.00%,+4.67%,+6.85%,-0.28%
3306.TWO,+0.00%,+1.82%,-1.28%,+0.78%,+1.54%,+1.54%,+0.00%,+1.27%,+7.00%,+1.87%
6127.TWO,+0.78%,-1.16%,+1.96%,-1.15%,+1.17%,+1.17%,-1.15%,+1.17%,-0.77%,+1.16%
5206.TWO,+0.35%,+0.00%,+1.03%,-1.37%,-1.04%,-1.04%,+1.05%,-1.38%,-0.35%,+1.06%
5464.TWO,+0.61%,-1.61%,+6.95%,+6.88%,-1.07%,-1.07%,+2.35%,+0.71%,-0.35%,+0.18%
3284.TWO,-6.72%,-2.70%,-0.46%,-0.47%,+0.47%,+0.47%,-1.40%,+0.94%,+0.47%,+0.47%
4528.TWO,-1.75%,+1.28%,+1.51%,+2.85%,+0.12%,+0.12%,-1.45%,+1.47%,+6.99%,+5.86%
5353.TWO,-0.37%,+1.12%,+0.00%,+1.10%,-0.36%,-0.36%,+0.00%,+0.73%,+0.72%,+1.44%
6129.TWO,-1.30%,+0.44%,+3.06%,+3.39%,-1.23%,-1.23%,-1.24%,+6.72%,+3.15%,-2.29%
5475.TWO,-0.27%,+0.13%,-0.13%,+6.95%,+7.00%,+7.00%,+0.82%,+1.97%,+2.50%,+4.88%
5289.TWO,+2.20%,+0.40%,-1.21%,+0.54%,+2.70%,+2.70%,+0.26%,+1.71%,-0.52%,+1.30%
5514.TWO,-1.34%,+1.36%,+2.15%,-1.32%,+0.00%,+0.00%,-0.27%,-0.27%,+0.54%,+2.40%
3587.TWO,-0.88%,+0.51%,-0.38%,-0.38%,+0.00%,+0.00%,+0.13%,+3.04%,+0.00%,+0.12%
5202.TWO,-0.53%,-1.42%,-0.36%,+2.70%,+1.58%,+1.58%,-1.21%,+3.67%,-0.84%,+0.34%
3685.TWO,-1.05%,-0.80%,-0.80%,-1.08%,+0.55%,+0.55%,+0.27%,+1.63%,+2.67%,+1.82%
4529.TWO,-4.17%,+4.64%,-3.32%,-1.43%,-0.58%,-0.58%,+6.73%,+6.85%,-2.31%,+0.00%
3523.TWO,+0.53%,-0.18%,+0.00%,+0.00%,+0.00%,+0.00%,+0.00%,-0.88%,+0.00%,+0.00%
4908.TWO,+1.20%,+6.97%,+7.00%,+2.67%,-0.43%,-0.43%,+0.87%,+0.00%,+1.73%,+1.42%
6245.TWO,+2.45%,+2.51%,+3.44%,+3.11%,+2.08%,+2.08%,+1.12%,+2.52%,-2.56%,-0.71%
5009.TWO,-2.46%,+1.05%,+0.00%,-1.04%,-0.84%,-0.84%,-1.49%,+1.51%,-0.85%,-0.43%
5278.TWO,-5.88%,+3.24%,-2.09%,+0.95%,-1.53%,-1.53%,-1.43%,+1.58%,+6.68%,+0.11%
3317.TWO,+6.94%,-1.73%,-1.76%,+0.00%,+1.57%,+1.57%,-1.55%,+1.35%,+2.88%,+4.09%
4416.TWO,+0.00%,-1.55%,+0.00%,+1.57%,+0.00%,+0.00%,+0.00%,+1.16%,-3.45%,+0.00%
4905.TWO,+0.00%,-0.38%,+1.16%,-1.34%,+0.39%,+0.39%,+1.16%,-0.38%,-0.57%,+2.31%
8155.TWO,-2.03%,-2.46%,+0.40%,+4.50%,+0.00%,+0.00%,-2.28%,+6.99%,+6.90%,+4.08%
4744.TWO,-0.48%,+0.00%,+0.48%,-0.48%,+0.37%,+0.37%,+0.00%,-0.69%,+0.80%,-0.96%
8359.TWO,-0.49%,+2.38%,-1.68%,+1.06%,+0.00%,+0.00%,+0.13%,+0.00%,+0.08%,+0.46%
4121.TWO,-0.56%,-0.28%,+0.00%,-0.28%,-0.28%,-0.28%,+0.56%,+1.12%,-0.83%,+0.28%
8042.TWO,-0.35%,-1.60%,-1.81%,+0.00%,-0.74%,-0.74%,+1.30%,+0.55%,+0.36%,+0.91%
4402.TWO,-4.83%,+1.83%,-1.11%,-6.99%,-6.92%,-6.92%,-6.95%,-6.94%,+6.16%,-1.58%
8034.TWO,-2.09%,+4.87%,-3.17%,-2.22%,+0.48%,+0.48%,+0.36%,+0.36%,-1.30%,+1.80%
4109.TWO,+0.40%,+0.00%,+0.00%,-0.40%,-0.40%,-0.40%,+0.40%,+1.20%,+0.00%,-0.59%
8024.TWO,+2.60%,-0.95%,-0.64%,+0.00%,+0.00%,+0.00%,-0.32%,+3.23%,+1.87%,+0.92%
4503.TWO,+1.32%,-1.31%,+0.00%,-5.96%,-1.06%,-1.06%,-0.36%,+1.07%,+0.35%,-1.41%
3339.TWO,-2.75%,+1.61%,-1.19%,+0.00%,-0.80%,-0.80%,+0.40%,+0.81%,+1.20%,+3.95%
4538.TWO,-4.86%,+0.57%,-2.54%,+2.60%,+0.00%,+0.00%,-0.07%,+0.00%,-1.20%,+0.00%
2719.TWO,-1.98%,-0.51%,+0.00%,-0.34%,-0.17%,-0.17%,+0.85%,-0.68%,+2.89%,-0.17%
3323.TWO,-0.79%,+1.07%,-0.26%,-0.26%,+4.24%,+4.24%,+1.02%,+3.27%,-1.95%,+0.75%
8091.TWO,-0.76%,-1.33%,+0.00%,-0.39%,+0.39%,+0.39%,-0.39%,+1.74%,+0.19%,-0.19%
2064.TWO,+0.00%,+0.00%,+0.00%,+0.00%,+0.00%,+0.00%,+0.00%,+0.00%,-0.62%,-0.58%
6187.TWO,+0.00%,+1.94%,+0.19%,+0.19%,-0.95%,-0.95%,+2.49%,+6.92%,+3.32%,+6.09%
8941.TWO,-6.87%,+6.63%,-1.52%,-4.52%,+5.11%,+5.11%,-0.47%,+5.48%,-1.81%,-6.90%
3285.TWO,-1.26%,+0.64%,-0.95%,+0.00%,-0.64%,-0.64%,+3.87%,-0.62%,-0.31%,+2.19%
3581.TWO,+0.36%,-0.36%,+0.00%,-2.69%,+4.97%,+4.97%,+1.05%,-1.39%,-0.67%,+0.28%
5301.TWO,+0.00%,-0.90%,+0.00%,-3.18%,+0.00%,+0.00%,+1.41%,-2.31%,-1.90%,-1.45%
5488.TWO,+0.00%,+0.28%,+0.00%,-0.42%,-1.99%,-1.99%,-1.30%,+1.32%,+1.59%,+0.43%
8938.TWO,-1.00%,-1.17%,+0.17%,+1.69%,-0.83%,-0.83%,-0.84%,+0.34%,-0.34%,+1.02%
5310.TWO,+0.00%,+0.62%,-0.31%,-0.31%,+0.62%,+0.62%,-0.61%,+0.62%,-0.76%,+0.15%
4401.TWO,-3.28%,+2.30%,-0.95%,+1.79%,+0.12%,+0.12%,-1.64%,+1.19%,-0.59%,+5.10%
6147.TWO,+1.19%,-0.59%,+1.18%,+0.19%,-0.19%,-0.19%,-1.17%,+2.37%,+1.93%,+0.95%
8032.TWO,-0.28%,+0.55%,-0.41%,-0.41%,+0.14%,+0.14%,-0.42%,+1.25%,+0.00%,+0.00%
6231.TWO,+0.52%,-0.69%,-2.08%,-0.53%,-1.07%,-1.07%,-0.36%,+1.63%,+0.18%,+0.53%
5015.TWO,-1.29%,-1.53%,-2.44%,+4.09%,+1.75%,+1.75%,-0.43%,+0.22%,+0.65%,+2.56%
5344.TWO,-2.33%,+2.07%,-1.12%,+0.51%,-0.51%,-0.51%,+0.00%,-1.23%,+1.35%,+1.54%
3664.TWO,-4.11%,+6.29%,-1.21%,+0.14%,-1.22%,-1.22%,+6.88%,+0.00%,+6.95%,+6.74%
3218.TWO,+1.53%,+1.64%,+0.40%,+6.96%,-0.13%,-0.13%,-1.75%,+1.28%,-2.77%,+1.55%
3325.TWO,+2.40%,-0.70%,+0.47%,-0.94%,-0.47%,-0.47%,-1.43%,+0.97%,-0.72%,+1.20%
4161.TWO,+3.41%,-1.21%,+0.67%,+0.77%,-0.11%,-0.11%,-0.44%,+6.94%,-1.34%,+3.55%
5452.TWO,+2.07%,+0.40%,+0.40%,+0.40%,+0.00%,+0.00%,+0.00%,+0.80%,+0.00%,+0.40%
3259.TWO,+0.40%,-1.20%,-6.96%,-6.93%,+2.44%,+2.44%,+1.14%,+0.00%,-2.25%,-1.15%
6279.TWO,+0.80%,+0.00%,-0.60%,+1.10%,+1.98%,+1.98%,-1.94%,+2.48%,-0.97%,+1.46%
3324.TWO,+2.33%,-0.62%,+1.25%,+2.88%,+0.00%,+0.00%,-1.20%,+0.81%,+2.41%,+4.90%
3577.TWO,-0.90%,+0.91%,-0.23%,+0.11%,-0.68%,-0.68%,-0.68%,+0.69%,+1.14%,+5.96%
3357.TWO,+0.00%,+1.43%,-0.35%,+0.35%,+0.00%,+0.00%,-0.35%,-0.18%,-0.35%,+0.00%
4609.TWO,+1.24%,+3.67%,-3.15%,+0.41%,+1.21%,+1.21%,-1.20%,+2.43%,-1.19%,+1.20%
6146.TWO,-2.62%,+0.38%,-0.77%,+0.77%,+0.00%,+0.00%,+0.38%,+1.53%,+0.75%,-0.75%
6221.TWO,-3.34%,-1.22%,+0.21%,+0.21%,+0.00%,+0.00%,+0.41%,+0.41%,-1.22%,+1.23%
4431.TWO,+0.00%,+2.83%,+1.37%,+0.00%,-1.36%,-1.36%,+0.17%,+0.86%,-0.68%,+0.00%
8935.TWO,+0.00%,-0.40%,+1.99%,+2.99%,-1.01%,-1.01%,+6.90%,+0.48%,+0.59%,+5.91%
2733.TWO,+0.39%,+0.00%,+1.09%,-1.04%,+0.35%,+0.35%,-0.38%,-1.56%,+0.79%,-0.39%
5227.TWO,-3.37%,+3.03%,-1.18%,+4.17%,-1.71%,-1.71%,-0.44%,+1.17%,-0.14%,+6.94%
3521.TWO,+0.38%,+0.00%,+0.00%,+3.45%,-4.81%,-4.81%,+5.06%,-2.22%,+4.17%,-0.36%
3564.TWO,-3.24%,+1.01%,-1.82%,-0.17%,-0.34%,-0.34%,-1.87%,+1.73%,-0.51%,+4.27%
6419.TWO,+0.96%,-0.64%,-0.06%,-2.51%,+0.35%,+0.35%,+0.31%,-0.01%,+0.66%,-0.01%
2724.TWO,-2.26%,+0.72%,+0.29%,-1.43%,-1.30%,-1.30%,-0.59%,+0.44%,+0.88%,+0.00%
3232.TWO,+0.00%,+0.43%,-1.08%,+0.00%,-0.65%,-0.65%,-0.11%,-0.11%,-1.32%,+2.11%
6015.TWO,+0.00%,+0.34%,-0.78%,+0.23%,+0.34%,+0.34%,-0.79%,+1.92%,+0.44%,+0.77%
8291.TWO,+0.93%,-1.65%,+0.00%,+0.93%,+3.51%,+3.51%,+0.36%,-0.18%,+0.00%,-0.89%
6210.TWO,+1.21%,+0.00%,-1.09%,-0.22%,-0.33%,-0.33%,-0.77%,+0.45%,+0.22%,-0.33%
3691.TWO,+0.29%,+0.29%,-1.43%,+0.72%,+2.73%,+2.73%,-1.26%,+6.95%,+3.58%,-1.54%
3078.TWO,+0.00%,+6.90%,+2.69%,-0.52%,-0.53%,-0.53%,-0.53%,+0.00%,-0.27%,-0.27%
3388.TWO,-0.65%,+0.26%,+0.39%,+0.52%,-0.39%,-0.39%,+0.00%,-0.13%,+0.26%,-0.39%
3115.TWO,-1.36%,+0.00%,+0.00%,+2.76%,-0.67%,-0.67%,-2.70%,+1.74%,-0.34%,-0.68%
6259.TWO,+0.00%,+0.44%,-1.74%,+1.77%,-2.61%,-2.61%,+0.45%,+0.00%,-0.89%,+0.45%
6103.TWO,+5.26%,-3.33%,+0.00%,+3.10%,+1.67%,+1.67%,-4.61%,-4.14%,+0.00%,+6.47%
6160.TWO,+1.12%,+0.74%,-2.01%,+6.92%,+4.02%,+4.02%,+0.17%,-0.34%,+6.90%,+5.83%
5426.TWO,+0.66%,+0.65%,+0.00%,+0.97%,+0.00%,+0.00%,+0.64%,+0.96%,-0.32%,+0.00%
4980.TWO,+1.29%,-0.42%,+0.00%,+5.23%,+1.09%,+1.09%,+4.80%,+9.16%,-0.35%,-4.91%
8048.TWO,+1.33%,+3.92%,+6.99%,+6.93%,-4.40%,-4.40%,+1.41%,+6.94%,-1.65%,+0.12%
8050.TWO,+0.16%,-1.09%,-0.95%,+0.80%,-1.11%,-1.11%,-1.92%,+0.49%,+0.49%,+3.55%
3455.TWO,-1.13%,-0.46%,+0.69%,+0.00%,+1.37%,+1.37%,+0.23%,+0.00%,+1.35%,+2.67%
6122.TWO,+0.00%,+0.00%,+0.00%,+0.00%,+1.46%,+1.46%,-0.48%,+0.00%,+0.96%,+0.00%
6435.TWO,+5.64%,-3.12%,+2.91%,-0.38%,+1.40%,+1.40%,-3.30%,+2.59%,-0.40%,+1.62%
3633.TWO,+0.00%,+0.44%,+0.25%,-0.69%,+0.47%,+0.47%,+0.23%,+0.23%,-0.62%,+2.50%
8942.TWO,+1.45%,+1.07%,+2.36%,-0.69%,-1.16%,-1.16%,-0.23%,+0.94%,+1.40%,+1.72%
3226.TWO,+1.62%,+2.74%,-0.44%,-0.22%,-1.79%,-1.79%,+1.14%,+0.23%,+0.00%,-0.11%
3390.TWO,+0.40%,+0.00%,-0.53%,+0.00%,+0.93%,+0.93%,+0.13%,+0.53%,+0.26%,+0.52%
4117.TWO,+0.00%,+0.00%,+0.00%,+2.42%,-0.83%,-0.83%,-0.14%,+0.98%,+0.00%,+0.00%
8038.TWO,-1.97%,-1.01%,+1.60%,-0.86%,-0.72%,-0.72%,-1.31%,+1.18%,-0.58%,+5.70%
4726.TWO,+0.32%,+6.95%,+3.02%,-2.93%,-2.27%,-2.27%,+0.46%,+0.77%,-0.31%,+0.92%
8349.TWO,+0.87%,-2.09%,+0.63%,+2.38%,-1.10%,-1.10%,+1.85%,-0.12%,+1.33%,-1.08%
4530.TWO,-0.31%,-0.47%,+0.00%,-6.98%,-6.83%,-6.83%,-4.58%,+6.91%,+6.82%,+6.89%
8931.TWO,-0.68%,+4.58%,-1.75%,-0.45%,-0.22%,-0.22%,+0.45%,-0.22%,-0.45%,+0.90%
3693.TWO,+3.37%,+2.67%,+0.29%,-2.02%,-0.59%,-0.59%,-2.96%,+6.71%,+3.43%,+1.10%
6290.TWO,+1.63%,+1.07%,-3.98%,+0.14%,+4.83%,+4.83%,-1.32%,+0.67%,+0.79%,+2.76%
6234.TWO,-0.52%,+0.52%,+0.26%,+6.98%,-2.42%,-2.42%,+3.47%,-0.48%,-2.40%,-0.49%
3360.TWO,-0.98%,+6.29%,-3.12%,-1.93%,+0.00%,+0.00%,+0.00%,+0.66%,-0.98%,+1.97%
3260.TWO,-1.26%,+0.71%,-0.28%,+0.56%,+0.56%,+0.56%,+0.00%,+0.56%,-0.14%,+1.80%
2035.TWO,+6.88%,-0.58%,+0.00%,+0.59%,+5.26%,+5.26%,-2.50%,+2.56%,-0.56%,+1.96%
6418.TWO,-0.48%,+0.00%,-0.53%,+0.00%,-2.15%,-2.15%,+0.00%,+0.00%,+0.00%,+0.00%
5230.TWO,-2.15%,+0.24%,-4.01%,-2.53%,+0.26%,+0.26%,-0.13%,+0.39%,+1.03%,+0.38%
3169.TWO,-2.26%,+0.26%,-0.51%,+3.08%,-0.25%,-0.25%,+0.12%,+0.62%,+6.95%,+3.25%
3516.TWO,-0.89%,+0.45%,-2.69%,+0.92%,+0.91%,+0.91%,+0.45%,+0.45%,+6.73%,+0.00%
3071.TWO,-1.45%,-0.80%,-1.48%,-0.27%,-0.41%,-0.41%,+0.83%,+0.82%,-0.54%,-0.68%
4741.TWO,-1.56%,-0.55%,+2.15%,+0.20%,-0.83%,-0.83%,+8.05%,+20.69%,+3.98%,+8.75%
8906.TWO,+1.35%,+0.41%,+0.10%,-3.06%,+1.05%,+1.05%,+0.00%,+1.04%,+0.00%,+0.00%
4966.TWO,+0.78%,+0.00%,-0.19%,+2.12%,-0.38%,-0.38%,+0.38%,+6.98%,+6.88%,+1.98%
6186.TWO,-0.59%,-0.74%,+0.15%,-0.75%,+0.60%,+0.60%,+0.00%,+0.15%,+0.60%,+0.45%
8171.TWO,-0.70%,-1.93%,-1.79%,-0.73%,+2.38%,+2.38%,-2.50%,+0.37%,+1.28%,+1.44%
8085.TWO,-1.15%,+0.00%,+0.23%,+2.09%,+1.14%,+1.14%,-0.90%,+6.82%,-2.13%,+0.43%
8416.TWO,+0.00%,-0.33%,+3.27%,-1.58%,+2.25%,+2.25%,+6.92%,-0.59%,+1.18%,-0.58%
1570.TWO,-3.46%,+0.00%,+0.36%,+0.00%,-0.36%,-0.36%,-0.72%,-0.36%,+0.00%,+2.17%
3444.TWO,+1.52%,-2.35%,+1.31%,-0.86%,+0.00%,+0.00%,-0.43%,+1.97%,-0.43%,+0.43%
8027.TWO,+0.44%,+0.00%,+0.11%,+0.00%,-0.28%,-0.28%,+0.28%,+0.55%,-1.10%,+0.00%
4991.TWO,-0.29%,+1.54%,+6.04%,-1.77%,+1.07%,+1.07%,-1.60%,+1.37%,+0.09%,+0.90%
4542.TWO,-2.99%,+1.07%,+1.32%,-0.65%,+0.00%,+0.00%,+0.66%,+1.31%,+4.52%,+1.73%
3597.TWO,+0.00%,+0.00%,+0.00%,+0.00%,+0.00%,+0.00%,+0.00%,+0.00%,+0.00%,+0.00%
5536.TWO,+0.47%,+0.47%,-0.47%,-0.47%,+0.00%,+0.00%,-0.47%,+0.95%,-0.47%,+0.94%
6104.TWO,-3.35%,+1.32%,+4.07%,-2.35%,+1.28%,+1.28%,+2.06%,+4.50%,+2.52%,+5.64%
4197.TWO,-0.61%,+0.00%,+0.00%,+0.00%,+0.31%,+0.31%,-1.34%,-1.04%,+0.00%,-0.02%
4192.TWO,-0.84%,+8.80%,+20.01%,-3.25%,-5.88%,-5.88%,-0.29%,+0.29%,-0.32%,+4.80%
8074.TWO,+2.58%,+5.48%,-6.60%,-3.01%,-3.10%,-3.10%,+2.24%,+0.47%,+0.00%,+0.62%
4924.TWO,+1.93%,-0.44%,+0.00%,+5.84%,-3.59%,-3.59%,-2.72%,-0.88%,-2.67%,-2.44%
8182.TWO,-0.35%,+0.70%,+1.39%,+1.37%,+0.00%,+0.00%,+0.68%,+6.04%,-1.58%,+0.32%
2926.TWO,-0.55%,+0.00%,+0.00%,+0.28%,+0.00%,+0.00%,+0.55%,+0.28%,-0.82%,+0.28%
4732.TWO,-6.04%,-14.10%,-2.65%,+0.00%,-1.32%,-1.32%,+0.00%,+4.24%,+0.00%,+10.69%
8047.TWO,-0.40%,+0.40%,-0.40%,+1.20%,+0.00%,+0.00%,-0.79%,-1.20%,-1.21%,+2.05%
3211.TWO,+0.38%,+0.76%,+0.88%,+1.63%,+0.37%,+0.37%,-0.86%,+1.11%,-0.49%,-0.12%
9962.TWO,-1.12%,-3.40%,+0.00%,-0.78%,+0.79%,+0.79%,+0.00%,-0.39%,-0.39%,+0.39%
6180.TWO,-1.38%,+1.40%,+0.28%,+0.14%,+0.28%,+0.28%,-0.27%,+1.10%,-0.82%,+3.16%
6284.TWO,-1.06%,+1.47%,+1.59%,+0.00%,-0.13%,-0.13%,+0.65%,+6.99%,+3.63%,-0.82%
5211.TWO,+0.36%,+1.97%,+0.18%,+2.46%,-0.51%,-0.51%,+0.52%,+6.85%,+0.64%,-0.64%
3558.TWO,+1.87%,+0.31%,-1.83%,+0.93%,-0.62%,-0.62%,+0.00%,+4.66%,+0.30%,+1.18%
1260.TWO,-1.67%,-0.64%,+0.21%,+0.43%,-2.13%,-2.13%,-1.09%,-1.10%,+0.00%,-2.67%
3595.TWO,-0.12%,-0.62%,+0.62%,-0.62%,+0.00%,+0.00%,+0.00%,+0.00%,+0.00%,-1.88%
5267.TWO,+0.00%,-1.78%,+0.00%,+0.00%,+0.00%,+0.00%,+0.00%,+0.00%,+0.00%,-1.16%
4738.TWO,-4.29%,+1.49%,+0.00%,-2.06%,-0.90%,-0.90%,-0.30%,+0.46%,+4.84%,-0.29%
5863.TWO,-0.36%,+0.27%,-1.64%,+0.46%,-0.09%,-0.09%,+0.46%,-0.92%,+1.85%,+0.27%
8240.TWO,+2.72%,+2.79%,+0.14%,+4.86%,-0.82%,-0.82%,-0.27%,-0.28%,-2.07%,+0.85%
5601.TWO,+0.00%,+0.00%,-1.06%,-0.18%,-1.25%,-1.25%,+0.00%,+0.00%,-0.36%,+2.91%
5210.TWO,-0.42%,-0.52%,-0.63%,+0.32%,-0.32%,-0.32%,-0.21%,-0.11%,+0.00%,-0.21%
4183.TWO,+0.00%,+0.48%,+0.12%,-1.75%,+1.16%,+1.16%,+1.82%,-1.79%,-3.58%,+0.00%
2061.TWO,+3.46%,-1.86%,+0.38%,-3.21%,-2.53%,-2.53%,-7.00%,-0.22%,-1.72%,+2.19%
3663.TWO,+0.00%,+0.00%,-1.12%,+1.89%,+0.00%,+0.00%,-1.85%,+0.75%,+2.43%,-1.28%
3707.TWO,+0.00%,-2.35%,+0.00%,+4.81%,+1.38%,+1.38%,-1.36%,-0.46%,+0.92%,+0.46%
3064.TWO,+0.00%,-0.26%,+0.65%,-0.77%,-1.03%,-1.03%,-0.39%,+6.95%,-1.10%,-0.87%
3498.TWO,-2.89%,+6.94%,+6.95%,+5.63%,+1.95%,+1.95%,-0.40%,+0.81%,+6.71%,+6.57%
3297.TWO,-0.35%,-0.47%,+0.70%,+0.93%,+0.35%,+0.35%,-1.73%,+1.05%,+4.40%,+2.11%
3310.TWO,+0.63%,-2.52%,+1.29%,+0.00%,-2.55%,-2.55%,+2.94%,-0.63%,-1.28%,+2.27%
3097.TWO,-0.56%,+0.00%,-1.79%,+0.00%,+0.00%,+0.00%,+0.00%,+0.00%,+4.66%,-1.09%
4432.TWO,+0.00%,-1.68%,+1.28%,+6.75%,-5.53%,-5.53%,-3.77%,+0.43%,+3.03%,-1.68%
4513.TWO,+0.95%,-0.94%,-0.47%,+0.48%,+0.00%,+0.00%,+0.47%,+0.94%,+0.47%,+0.47%
3313.TWO,+2.50%,-0.98%,+0.00%,+5.42%,-0.93%,-0.93%,-0.47%,+0.47%,+0.47%,+0.00%
4433.TWO,-1.22%,+0.34%,+0.30%,-0.85%,+1.14%,+1.14%,-0.26%,-0.85%,-0.74%,-0.41%
3529.TWO,+1.20%,+0.95%,+3.29%,+2.27%,+6.89%,+6.89%,+6.86%,+6.81%,+6.74%,+1.02%
8436.TWO,-1.87%,+0.38%,-0.76%,+0.77%,-1.02%,-1.02%,-1.67%,+0.65%,+0.13%,-0.91%
6276.TWO,-1.54%,+3.53%,-1.33%,-0.38%,-2.50%,-2.50%,-2.37%,+0.81%,+3.21%,+1.56%
6182.TWO,+0.66%,-1.32%,-0.67%,+1.01%,-1.00%,-1.00%,-0.67%,+1.01%,+0.33%,+0.00%
4931.TWO,+0.00%,+0.00%,+0.00%,+0.00%,+0.00%,+0.00%,+0.00%,-5.83%,+0.00%,+0.00%
6171.TWO,+0.86%,-0.57%,-1.15%,+0.00%,+0.58%,+0.58%,+0.00%,-0.87%,+0.29%,+0.29%
8071.TWO,-0.40%,-2.40%,-3.48%,+1.48%,-0.21%,-0.21%,+0.21%,+1.25%,+0.62%,-1.23%
3632.TWO,-1.28%,+0.19%,+0.37%,+2.39%,+2.70%,+2.70%,+0.70%,+0.87%,+0.52%,-1.37%
5013.TWO,-2.80%,-2.64%,+0.25%,+1.72%,+4.12%,+4.12%,-0.93%,+0.94%,-1.16%,+1.18%
5314.TWO,-0.63%,-2.11%,+0.32%,+1.61%,-0.42%,-0.42%,+2.02%,-1.46%,-0.32%,-0.21%
6407.TWO,-2.90%,+1.40%,-1.92%,-1.52%,+1.56%,+1.56%,+1.39%,+0.02%,+0.52%,-0.52%
4138.TWO,+6.86%,-2.37%,-2.57%,+0.29%,+0.15%,+0.15%,+1.02%,+1.01%,+1.14%,-0.14%
3594.TWO,+0.42%,+0.52%,+0.10%,+1.65%,+6.90%,+6.90%,+0.57%,+1.70%,+6.86%,+6.94%
6175.TWO,-0.35%,+0.00%,+1.05%,+0.00%,+0.34%,+0.34%,-1.03%,+4.17%,+2.33%,+0.00%
2718.TWO,-0.23%,-0.46%,-0.23%,+1.16%,+0.00%,+0.00%,-3.33%,+0.24%,+2.37%,+1.51%
3490.TWO,+1.30%,-6.93%,-2.98%,+5.79%,-0.89%,-0.89%,-0.45%,-2.49%,+3.25%,-1.46%
5321.TWO,-0.32%,+5.06%,+1.20%,-1.79%,+6.97%,+6.97%,+6.80%,+6.90%,-1.99%,-3.04%
4430.TWO,+0.69%,+0.69%,+0.82%,+0.00%,-0.68%,-0.68%,-0.14%,+0.96%,+0.95%,+0.27%
3379.TWO,-1.39%,+2.35%,-1.83%,+0.23%,+2.33%,+2.33%,-2.05%,+0.23%,+0.46%,+1.15%
3625.TWO,+2.07%,-2.83%,+3.75%,+3.61%,+2.33%,+2.33%,+0.76%,-0.38%,+0.38%,-1.13%
3141.TWO,+0.24%,-0.72%,-3.14%,+0.00%,+1.75%,+1.75%,-0.74%,+1.23%,+6.83%,+6.85%
6291.TWO,+1.17%,-5.53%,+4.63%,+0.00%,+0.00%,+0.00%,+1.17%,-5.53%,+0.00%,+6.83%
2221.TWO,-0.74%,+0.37%,-0.37%,+0.00%,+0.00%,+0.00%,+3.73%,-0.72%,+0.72%,-0.36%
6140.TWO,+3.33%,-2.82%,-0.41%,+0.00%,-0.83%,-0.83%,-1.68%,+0.00%,+6.84%,-1.60%
3603.TWO,+0.00%,+0.00%,-1.79%,+0.00%,+0.00%,+0.00%,-3.65%,+0.47%,-0.94%,+0.00%
6179.TWO,+0.00%,+3.69%,+1.66%,-1.87%,-4.76%,-4.76%,-1.00%,+0.25%,+2.27%,-1.97%
5493.TWO,+0.64%,-2.37%,-1.46%,-0.49%,-0.17%,-0.17%,+0.17%,+0.50%,+0.66%,+1.96%
6118.TWO,+0.50%,-0.50%,-0.60%,+1.10%,-2.57%,-2.57%,+0.10%,+0.61%,+0.10%,+0.50%
6264.TWO,+0.00%,+0.00%,+0.00%,+0.00%,+0.00%,+0.00%,+0.00%,+0.00%,+0.00%,+0.00%
3322.TWO,-0.41%,-1.35%,-3.16%,+0.00%,-0.33%,-0.33%,+0.55%,+0.22%,+0.65%,-0.43%
6203.TWO,+6.87%,+1.36%,+0.96%,+0.57%,+1.70%,+1.70%,-1.30%,+0.57%,-0.56%,+0.75%
4933.TWO,+1.01%,-1.71%,+0.29%,+1.01%,+0.43%,+0.43%,-1.14%,+1.88%,+0.71%,+2.25%
5201.TWO,-2.14%,+2.50%,-1.22%,-2.47%,+0.00%,+0.00%,-0.95%,+0.00%,+1.60%,+0.00%
3430.TWO,-0.86%,+1.45%,+0.86%,+1.98%,-2.78%,-2.78%,+0.00%,+0.00%,-0.43%,+5.02%
3265.TWO,-0.75%,+0.76%,+1.13%,+5.34%,+0.24%,+0.24%,-1.18%,+1.43%,-0.12%,-0.94%
4925.TWO,+0.24%,-0.04%,-0.55%,-1.02%,-0.60%,-0.60%,+0.08%,+0.72%,+0.87%,-1.65%
2067.TWO,+0.07%,-0.60%,+1.67%,+1.64%,+1.61%,+1.61%,+0.95%,+0.28%,+1.29%,-0.31%
8176.TWO,+0.85%,+0.42%,-0.42%,-0.42%,-0.42%,-0.42%,+0.42%,+6.75%,-0.79%,-1.20%
6114.TWO,-1.33%,+0.00%,-1.89%,-0.83%,+0.28%,+0.28%,-0.28%,+1.39%,+0.00%,+1.37%
3236.TWO,+3.98%,+6.76%,+6.89%,+5.41%,-1.22%,-1.22%,+6.93%,+0.23%,-2.54%,-2.37%
3289.TWO,-1.75%,+1.78%,+4.76%,+6.06%,+5.57%,+5.57%,+1.76%,-2.53%,+0.96%,-1.22%
4419.TWO,+5.10%,-0.59%,+0.00%,-3.25%,+0.00%,+0.00%,-5.20%,-6.77%,+3.81%,-6.50%
3710.TWO,+0.00%,-1.23%,-5.00%,-1.75%,+1.79%,+1.79%,-1.32%,+0.00%,+3.56%,-0.86%
5309.TWO,+0.80%,-3.95%,-1.23%,+0.83%,-2.07%,-2.07%,+6.75%,+6.72%,+1.11%,-0.37%
3556.TWO,-1.23%,+2.24%,-1.10%,+0.49%,+0.49%,+0.49%,-1.59%,+0.87%,+2.09%,+1.20%
3527.TWO,+0.38%,+0.51%,-0.76%,-0.51%,-0.64%,-0.64%,-0.39%,+1.29%,+1.15%,+3.16%
3088.TWO,-4.07%,+1.06%,+0.17%,-0.87%,+1.58%,+1.58%,+0.52%,+3.97%,-0.66%,+3.51%
5508.TWO,-0.65%,+0.78%,+0.26%,+0.00%,-0.13%,-0.13%,+0.39%,+0.39%,-0.64%,+0.65%
4129.TWO,-0.40%,+1.01%,+3.60%,-1.54%,-0.78%,-0.78%,-0.99%,+1.80%,+2.75%,+1.91%
8044.TWO,-4.56%,-1.96%,+0.22%,+0.88%,+1.97%,+1.97%,-2.37%,+3.52%,+0.43%,+2.75%
1599.TWO,-0.92%,-0.12%,+0.12%,+1.05%,+0.46%,+0.46%,-1.03%,+0.69%,-0.23%,+0.46%
6148.TWO,-3.75%,+1.95%,-0.85%,-0.96%,+0.00%,+0.00%,-0.54%,+3.80%,-0.73%,+0.00%
5701.TWO,+0.56%,+0.00%,+0.00%,+0.19%,-0.37%,-0.37%,-0.56%,-0.56%,+0.19%,+0.76%
5703.TWO,-1.40%,+0.00%,-2.36%,-0.72%,+0.00%,+0.00%,+1.95%,+1.19%,+0.24%,+0.47%
3585.TWO,+0.64%,+4.26%,+2.55%,-3.48%,+0.00%,+0.00%,+0.00%,+1.03%,-2.04%,+0.00%
6509.TWO,-1.37%,+1.39%,-1.18%,+3.17%,+2.88%,+2.88%,-1.87%,+2.86%,+2.22%,-1.45%
3105.TWO,+1.69%,+1.11%,+0.36%,+0.36%,-0.91%,-0.91%,+1.46%,+0.00%,-0.36%,+0.72%
9957.TWO,-0.37%,+0.00%,+0.00%,+0.25%,-0.62%,-0.62%,+0.62%,-0.12%,-0.62%,+0.75%
5212.TWO,+1.64%,-1.62%,-0.99%,-0.33%,+3.00%,+3.00%,+0.00%,+0.97%,+1.28%,-0.95%
5014.TWO,-3.61%,-4.28%,-3.91%,-1.05%,+3.41%,+3.41%,-2.16%,+1.05%,+0.00%,-1.03%
8064.TWO,-0.89%,+2.40%,+0.29%,-0.87%,+0.29%,+0.29%,+2.35%,+0.29%,-1.14%,+0.87%
5299.TWO,+0.11%,+0.83%,+0.00%,+3.28%,-3.17%,-3.17%,+0.00%,+0.00%,+0.00%,+0.00%
3362.TWO,-0.89%,+1.08%,+1.79%,+2.11%,+0.00%,+0.00%,-0.86%,+5.72%,-1.31%,-0.33%
1784.TWO,+0.67%,+1.56%,-0.55%,-0.55%,-0.22%,-0.22%,-0.11%,+0.33%,+0.44%,+4.19%
6130.TWO,+4.16%,-3.46%,+6.89%,+0.52%,-2.31%,-2.31%,+0.79%,-0.65%,-0.79%,+2.51%
5425.TWO,-2.23%,+1.52%,-0.60%,+3.62%,-0.29%,-0.29%,-0.73%,-0.74%,+1.93%,+3.78%
2235.TWO,-2.63%,+0.00%,+0.00%,+0.00%,-0.58%,-0.58%,+2.03%,+0.00%,+0.00%,+0.00%
3629.TWO,-0.38%,-0.51%,-0.64%,-1.16%,+6.92%,+6.92%,+2.56%,-1.31%,+1.69%,-2.49%
3290.TWO,+1.48%,+0.55%,-0.54%,-1.09%,+1.47%,+1.47%,-0.72%,+0.91%,+1.81%,+0.36%
1742.TWO,+2.36%,+6.93%,+1.85%,+5.61%,-1.72%,-1.72%,+3.07%,-1.13%,-2.29%,-1.32%
3465.TWO,-6.93%,-4.26%,-4.00%,+6.94%,-4.76%,-4.76%,+6.82%,+2.13%,-3.54%,+3.67%
6246.TWO,-0.71%,-0.57%,+1.15%,+1.14%,+0.00%,+0.00%,-0.42%,+0.00%,-0.99%,+0.14%
5271.TWO,+0.56%,+1.88%,+1.00%,+5.45%,+0.89%,+0.89%,+2.37%,-0.91%,-5.00%,+1.40%
5481.TWO,-0.53%,+6.00%,+6.67%,+6.64%,+3.11%,+3.11%,+6.90%,+1.61%,-1.98%,+0.00%
8059.TWO,-0.90%,+2.41%,+2.94%,+3.71%,+1.65%,+1.65%,-0.27%,+2.72%,-1.59%,-4.03%
4533.TWO,+0.33%,+0.65%,+1.29%,+0.96%,-0.32%,-0.32%,-0.63%,+0.96%,+0.00%,+1.26%
8933.TWO,-1.84%,+0.94%,+0.93%,+0.61%,+0.00%,+0.00%,+0.00%,+3.05%,-0.30%,-0.89%
5457.TWO,+2.00%,-2.75%,-2.02%,+0.21%,-1.23%,-1.23%,+0.42%,+1.24%,+0.00%,+6.97%
3511.TWO,-0.26%,+1.31%,+0.26%,+0.00%,+1.55%,+1.55%,-1.27%,+0.77%,-0.51%,+1.03%
6212.TWO,+1.65%,-2.11%,+1.82%,-0.33%,-0.98%,-0.98%,-0.33%,+0.83%,+0.82%,+0.00%
5474.TWO,+1.23%,+0.67%,+0.80%,+0.53%,+6.88%,+6.88%,-0.50%,-0.50%,+0.75%,-0.74%
5351.TWO,+1.05%,+0.69%,+1.37%,+0.68%,-0.34%,-0.34%,+0.00%,+1.01%,+1.00%,+4.62%
1593.TWO,+1.58%,+1.11%,-3.96%,-1.60%,-0.93%,-0.93%,+0.23%,+1.87%,-0.92%,-1.04%
3288.TWO,+0.33%,-1.64%,-1.33%,+0.00%,+1.35%,+1.35%,-1.67%,+0.34%,+6.76%,+6.96%
6190.TWO,+0.79%,+0.00%,-0.78%,+2.71%,-2.64%,-2.64%,-1.35%,-1.95%,+0.93%,+0.58%
1780.TWO,-0.74%,+1.83%,-1.06%,+0.00%,+1.65%,+1.65%,+2.85%,-2.77%,+2.68%,+1.74%
3508.TWO,-0.65%,-4.81%,+1.84%,+0.00%,+0.68%,+0.68%,-0.90%,+1.13%,-0.22%,+0.56%
5516.TWO,+2.23%,-0.87%,-0.88%,+0.00%,-1.33%,-1.33%,-0.90%,+1.82%,+0.89%,-0.44%
3083.TWO,-1.29%,+1.47%,+0.00%,+1.94%,+1.42%,+1.42%,-0.16%,+1.09%,+0.00%,+2.16%
5345.TWO,-1.56%,-2.44%,-3.50%,+1.04%,+0.64%,+0.64%,+0.25%,+4.07%,+0.00%,+6.96%
6609.TWO,-5.31%,+2.10%,-0.34%,+2.07%,+0.34%,+0.34%,-2.18%,+1.20%,+6.96%,+0.95%
8905.TWO,+6.87%,-0.51%,-4.59%,-0.36%,-0.89%,-0.89%,-0.72%,+0.73%,-0.18%,+0.00%
3615.TWO,-4.16%,+1.22%,-0.51%,+1.21%,+1.36%,+1.36%,-0.34%,+1.85%,-0.83%,-0.17%
6207.TWO,+0.00%,+0.00%,+1.12%,+0.28%,-0.55%,-0.55%,+0.84%,+1.10%,+2.19%,+0.80%
5205.TWO,-0.20%,+0.00%,+0.00%,+4.24%,+0.00%,+0.00%,+0.00%,+0.78%,-1.92%,+6.67%
6411.TWO,-1.67%,-3.85%,+0.00%,-0.71%,+0.83%,+0.83%,+1.29%,+4.18%,-0.45%,-2.01%
6188.TWO,+1.05%,+0.65%,-0.26%,+1.81%,-0.89%,-0.89%,-0.77%,+0.00%,+0.13%,+1.03%
3268.TWO,+5.96%,-4.02%,+6.90%,+6.85%,+6.96%,+6.96%,+6.85%,+6.89%,+2.70%,+6.86%
1815.TWO,-0.83%,+1.26%,+0.83%,+1.64%,+0.81%,+0.81%,-0.80%,+3.63%,+0.00%,-1.17%
5468.TWO,+1.66%,-6.86%,-6.67%,-6.77%,-1.61%,-1.61%,+0.41%,+2.45%,+0.40%,+3.17%
4707.TWO,+0.46%,+1.38%,+2.27%,+0.44%,-1.33%,-1.33%,-0.90%,+1.36%,+0.45%,+4.89%
8107.TWO,+2.77%,+1.54%,-1.14%,+1.15%,-1.52%,-1.52%,+0.00%,+1.15%,-1.14%,+6.92%
2924.TWO,+0.28%,+0.00%,-0.28%,+1.66%,+0.00%,+0.00%,-0.55%,-0.55%,+0.41%,+2.20%
6428.TWO,+0.00%,-1.18%,+1.19%,-2.35%,+0.00%,+0.00%,+1.20%,-2.38%,+3.66%,+0.00%
3526.TWO,+0.00%,+1.15%,+0.00%,-0.38%,+1.14%,+1.14%,-1.12%,-0.76%,+0.00%,-0.19%
6199.TWO,+0.00%,-6.81%,+0.00%,-1.83%,+4.19%,+4.19%,-6.92%,-6.95%,+3.09%,+0.00%
3234.TWO,-1.27%,+1.72%,+4.22%,+2.43%,+2.17%,+2.17%,-1.74%,+0.59%,+0.00%,+2.15%
2063.TWO,-1.26%,-0.64%,-0.32%,-2.09%,+0.16%,+0.16%,-3.28%,+1.53%,-1.34%,+0.51%
5011.TWO,-1.74%,-2.42%,-5.29%,+6.81%,+3.76%,+3.76%,-2.36%,+0.00%,-2.58%,-2.32%
4417.TWO,-3.86%,+0.27%,+0.00%,+1.07%,+0.79%,+0.79%,-0.79%,+0.53%,+0.00%,+0.26%
6204.TWO,+1.13%,-2.05%,-1.33%,+6.95%,-2.35%,-2.35%,-1.48%,-0.94%,+3.98%,+3.28%
8098.TWO,+0.00%,+0.00%,+0.00%,+0.00%,+0.00%,+0.00%,+0.00%,+0.00%,+0.00%,+0.00%
4406.TWO,+3.25%,-2.52%,+0.78%,+2.18%,+1.38%,+1.38%,-0.12%,+0.00%,+1.49%,-0.12%
8234.TWO,+0.36%,-1.61%,-2.19%,-0.56%,+1.50%,+1.50%,-0.74%,+0.19%,+1.86%,+1.82%
8084.TWO,-0.17%,+0.87%,+1.03%,+0.68%,+1.02%,+1.02%,+0.67%,-0.67%,+0.34%,+0.33%
4123.TWO,+1.40%,-1.84%,-0.59%,-0.35%,-0.36%,-0.36%,+6.89%,+4.56%,-0.64%,+0.86%
4973.TWO,-0.83%,+0.00%,+0.96%,-0.47%,+0.24%,+0.24%,-0.24%,+0.71%,+0.24%,-0.35%
4728.TWO,+0.16%,-0.47%,-0.16%,+0.00%,+0.00%,+0.00%,+1.09%,+0.77%,-0.15%,-0.46%
4305.TWO,-0.17%,+0.17%,-1.35%,+0.51%,-1.36%,-1.36%,-1.21%,+1.57%,+0.34%,+1.03%
4413.TWO,-1.11%,+0.00%,+0.00%,+0.00%,-1.12%,-1.12%,+0.00%,+0.00%,+0.00%,+0.00%
5512.TWO,+0.00%,+0.69%,+0.00%,+0.00%,+1.37%,+1.37%,+0.67%,-0.33%,-0.67%,-1.35%
3221.TWO,+3.58%,-1.08%,+0.00%,+6.99%,+6.94%,+6.94%,+1.15%,+6.98%,+5.82%,-0.67%
6441.TWO,+0.00%,+4.76%,+0.00%,+0.00%,+0.00%,+0.00%,+12.74%,-0.42%,+6.72%,-0.79%
6151.TWO,-0.66%,-0.22%,-0.22%,-0.22%,-1.33%,-1.33%,+0.68%,-0.67%,+0.45%,-0.45%
5478.TWO,-3.15%,+2.79%,+5.43%,+0.43%,-1.71%,-1.71%,-0.43%,+1.31%,-1.29%,+4.37%
8111.TWO,-2.67%,-0.14%,+0.41%,+3.42%,+0.92%,+0.92%,-3.66%,+3.53%,-0.13%,-2.76%
8928.TWO,+6.96%,+0.00%,-0.34%,+1.03%,+0.85%,+0.85%,-1.52%,+1.37%,+3.04%,+6.89%
3531.TWO,-0.82%,-1.23%,-0.83%,+2.73%,-1.43%,-1.43%,-1.24%,+1.26%,-0.41%,+0.00%
3252.TWO,+0.82%,-1.64%,+6.89%,+1.11%,-4.07%,-4.07%,+0.34%,-1.83%,+0.70%,+3.46%
8329.TWO,+0.24%,+0.48%,-1.50%,+0.00%,+0.00%,+0.00%,+0.00%,+0.80%,+0.00%,+1.35%
3093.TWO,-0.87%,-1.43%,+0.00%,+3.45%,-0.11%,-0.11%,-1.08%,+0.00%,+0.44%,-0.54%
8076.TWO,+2.69%,-0.98%,+0.66%,+1.64%,+0.00%,+0.00%,+0.97%,+6.73%,-0.90%,+1.21%
6138.TWO,+0.57%,+1.69%,+1.11%,-1.65%,+0.00%,+0.00%,-1.12%,+1.88%,+1.85%,+0.54%
5529.TWO,-1.57%,+1.60%,-1.97%,-1.00%,-1.01%,-1.01%,+0.82%,+1.02%,-0.60%,+0.81%
8936.TWO,-6.83%,+6.97%,+4.69%,+0.22%,-1.74%,-1.74%,+0.78%,+3.85%,-0.74%,+5.87%
6508.TWO,+6.91%,+0.86%,+1.42%,+6.88%,-0.13%,-0.13%,-0.26%,-0.53%,+0.53%,-0.79%
8097.TWO,-6.40%,+0.00%,+6.98%,+6.91%,+6.94%,+6.94%,+6.94%,+6.69%,+6.86%,+6.88%
3131.TWO,+1.90%,-0.80%,-0.27%,+0.00%,+0.27%,+0.27%,-0.81%,+3.79%,-1.04%,+2.11%
2230.TWO,-3.23%,-1.11%,+3.93%,+0.81%,-0.54%,-0.54%,+1.35%,+6.91%,-1.49%,+0.00%
3675.TWO,+0.63%,-1.24%,-1.47%,+2.77%,-0.83%,-0.83%,-0.84%,+1.90%,+6.83%,+5.04%
8431.TWO,+0.97%,+0.00%,+0.00%,+0.00%,+0.03%,+0.03%,-0.33%,+1.23%,-0.23%,-0.66%
3122.TWO,-1.13%,-3.19%,-0.88%,-0.36%,-4.71%,-4.71%,+0.06%,+5.31%,+0.89%,+1.76%
8937.TWO,-0.99%,-0.67%,+0.00%,-0.67%,+1.35%,+1.35%,-1.67%,+1.02%,+0.00%,-0.67%
5328.TWO,-0.88%,-0.76%,+0.38%,+1.65%,+0.00%,+0.00%,+0.25%,-0.25%,+0.00%,+0.75%
6163.TWO,+0.38%,-6.79%,-2.02%,+2.27%,+0.20%,+0.20%,-1.21%,+1.63%,+0.00%,+2.41%
6244.TWO,-0.51%,-1.75%,-0.31%,+2.52%,-1.54%,-1.54%,-1.67%,+1.27%,+0.21%,+0.52%
8088.TWO,-0.71%,-0.57%,-0.29%,-1.01%,+0.15%,+0.15%,-0.29%,+0.59%,+1.46%,+0.57%
5386.TWO,-1.68%,-0.86%,+0.86%,+1.50%,-0.84%,-0.84%,-0.43%,-1.07%,-0.86%,+2.40%
3438.TWO,+0.65%,+0.97%,-2.08%,+0.49%,+0.16%,+0.16%,-0.49%,+1.47%,+1.44%,+1.27%
4946.TWO,-1.40%,-0.51%,+0.41%,+2.03%,-1.00%,-1.00%,-1.01%,+1.52%,-0.30%,+0.80%
5274.TWO,+0.43%,+2.56%,-2.08%,+2.98%,+6.82%,+6.82%,+6.00%,-1.82%,+0.93%,-0.55%
4909.TWO,+6.86%,+1.18%,+1.04%,+0.00%,-0.38%,-0.38%,-0.39%,+1.03%,+0.38%,+0.25%
6016.TWO,-0.26%,-0.53%,-0.80%,+2.14%,-1.05%,-1.05%,-0.40%,+1.46%,-0.39%,+2.50%
8069.TWO,+2.94%,+0.00%,+2.34%,-1.27%,+1.03%,+1.03%,+1.27%,-2.01%,-0.26%,-1.03%
5347.TWO,+1.17%,+3.46%,-0.33%,-0.34%,-0.11%,-0.11%,-2.13%,+2.41%,+0.45%,+0.00%
5248.TWO,-0.29%,-1.34%,-0.03%,+0.00%,+1.10%,+1.10%,-1.50%,+7.38%,-1.94%,-1.31%
6143.TWO,-2.67%,-3.70%,-0.57%,-0.43%,-0.43%,-0.43%,-0.72%,+1.31%,-0.43%,+0.14%
3441.TWO,-1.03%,+0.78%,+0.00%,+1.80%,-0.51%,-0.51%,-2.03%,-0.52%,+2.08%,+1.28%
8080.TWO,-0.61%,-0.21%,-1.24%,+0.00%,+1.67%,+1.67%,-0.82%,+0.21%,+1.24%,+4.50%
5490.TWO,+0.11%,+0.00%,+2.26%,+2.76%,+1.61%,+1.61%,-0.11%,+0.11%,+0.85%,+1.68%
6263.TWO,-0.42%,+0.94%,-0.83%,+1.04%,+0.62%,+0.62%,-0.10%,+2.57%,+1.10%,-0.59%
6236.TWO,+0.00%,+0.00%,+0.00%,+0.80%,+0.00%,+0.00%,+0.00%,+0.00%,+0.00%,+0.00%
2641.TWO,-0.35%,+0.35%,+1.41%,+0.35%,+0.00%,+0.00%,+1.04%,+0.34%,-0.48%,-0.55%
8432.TWO,-0.44%,-0.44%,+2.49%,-1.29%,-0.14%,-0.14%,-0.29%,+1.60%,+0.00%,-0.43%
6218.TWO,-1.37%,-1.39%,-1.18%,+0.00%,-0.24%,-0.24%,-0.72%,+0.72%,+0.72%,+0.00%
4127.TWO,+0.84%,+1.87%,+0.20%,-0.20%,-0.61%,-0.61%,-0.62%,+0.00%,+1.24%,+1.63%
6217.TWO,+0.00%,+0.72%,+0.72%,+1.78%,-2.21%,-2.21%,-1.07%,+3.97%,+6.94%,-2.06%
3466.TWO,-1.90%,+5.29%,-1.84%,-2.37%,+0.90%,+0.90%,-1.01%,+0.26%,-0.38%,+1.79%
8921.TWO,-0.92%,+3.71%,-4.47%,+1.87%,+0.00%,+0.00%,-3.91%,-0.96%,-0.48%,+2.18%
3163.TWO,-6.78%,+2.73%,-1.77%,+2.25%,+0.44%,+0.44%,+3.07%,+0.43%,-2.12%,-1.73%
4546.TWO,+1.14%,-0.22%,-3.38%,+0.00%,+0.23%,+0.23%,+0.00%,+2.33%,+0.00%,-0.80%
4186.TWO,-1.61%,-1.06%,+0.34%,-0.33%,-2.00%,-2.00%,+1.30%,-0.05%,-0.62%,+0.04%
8109.TWO,-1.75%,+0.00%,+0.16%,+1.13%,-0.64%,-0.64%,+0.00%,+0.81%,+0.16%,+1.28%
8077.TWO,+0.00%,+0.00%,+0.00%,+0.00%,+0.00%,+0.00%,+0.00%,+0.00%,+0.00%,+0.00%
3546.TWO,+0.16%,-0.33%,+0.66%,+2.79%,+1.44%,+1.44%,+1.89%,+5.71%,-2.77%,+2.10%
3552.TWO,-3.83%,+4.42%,-0.85%,+0.85%,+0.85%,+0.85%,-2.52%,+2.59%,-0.84%,+6.78%
6241.TWO,-0.96%,+2.91%,-0.47%,+1.18%,-2.11%,-2.11%,+0.48%,-1.67%,+1.45%,+0.24%
3293.TWO,-0.12%,+0.60%,+0.00%,+0.59%,+6.94%,+6.94%,+6.93%,+7.00%,+6.73%,+4.50%
3117.TWO,+0.92%,+0.00%,+6.45%,-0.85%,+1.64%,+1.64%,+3.14%,-0.58%,-0.66%,-0.25%
9960.TWO,-0.85%,-2.01%,-1.76%,+2.09%,-1.46%,-1.46%,-2.67%,-1.52%,+0.00%,+0.00%
3485.TWO,+0.76%,+4.14%,+0.00%,-1.77%,+0.00%,+0.00%,+1.07%,+3.64%,+0.53%,-2.27%
1595.TWO,+0.23%,+5.14%,-1.09%,+2.64%,+0.64%,+0.64%,+1.28%,+0.42%,-1.05%,-0.74%
6150.TWO,-2.34%,+3.77%,-3.96%,+0.00%,-0.34%,-0.34%,-1.03%,+1.74%,+4.45%,-1.64%
4903.TWO,+1.00%,-0.49%,-1.09%,+3.60%,-1.45%,-1.45%,+2.94%,+0.00%,+0.00%,-0.95%
8444.TWO,+0.00%,+0.00%,+0.00%,-1.29%,-0.33%,-0.33%,-0.30%,+0.63%,+0.00%,+0.00%
3213.TWO,+1.68%,+0.11%,-0.44%,-0.22%,-0.22%,-0.22%,-0.11%,+1.00%,-0.88%,+2.22%
3489.TWO,-2.62%,+1.61%,+0.26%,-0.26%,+1.59%,+1.59%,-2.08%,+0.00%,-1.60%,+0.27%
6126.TWO,-1.52%,-3.08%,+0.95%,+0.00%,-0.31%,-0.31%,-0.63%,+1.27%,+0.31%,+1.56%
8289.TWO,-2.03%,+0.69%,+0.68%,+2.04%,-0.67%,-0.67%,+1.34%,+6.95%,+2.48%,-2.42%
5439.TWO,-0.68%,+3.20%,+0.44%,+6.84%,-1.65%,-1.65%,+0.84%,+0.42%,+0.00%,+0.00%
4198.TWO,-0.32%,-2.98%,-0.23%,+0.48%,-0.30%,-0.30%,+0.15%,+1.84%,+3.08%,+1.28%
4157.TWO,+1.37%,+1.16%,-0.76%,+1.73%,-1.70%,-1.70%,-0.77%,+0.19%,+0.00%,+0.00%
5398.TWO,-5.63%,+0.24%,+5.48%,+0.56%,+0.11%,+0.11%,-0.90%,-0.45%,+6.93%,+4.78%
4714.TWO,+6.87%,-1.43%,+1.45%,+0.71%,-0.71%,-0.71%,-2.14%,+0.36%,-0.36%,+6.20%
5432.TWO,+1.74%,+0.57%,-0.57%,+0.00%,+0.00%,+0.00%,-1.14%,+1.16%,+0.29%,+0.00%
2734.TWO,-0.81%,-1.15%,-0.50%,-0.33%,-0.50%,-0.50%,-0.84%,+0.17%,+0.17%,+0.51%
4527.TWO,+1.78%,-1.46%,-1.62%,+0.90%,+0.60%,+0.60%,-0.15%,+0.44%,+0.44%,+0.59%
4541.TWO,-5.98%,+0.10%,+3.28%,-1.75%,-0.22%,-0.22%,+0.63%,+5.26%,-1.39%,-0.47%
8450.TWO,+0.00%,+0.53%,-0.42%,+0.43%,+0.00%,+0.00%,+0.53%,+1.57%,+0.52%,+0.26%
6265.TWO,-2.35%,+0.00%,+0.00%,+0.48%,-0.48%,-0.48%,-0.96%,+0.97%,+1.92%,+0.00%
3206.TWO,+0.32%,+0.32%,+0.00%,+0.32%,-0.32%,-0.32%,-1.61%,+3.61%,+0.63%,+3.14%
5340.TWO,-0.21%,+1.26%,+0.62%,+1.23%,+4.46%,+4.46%,-1.17%,+0.59%,-0.39%,+0.59%
5302.TWO,-0.38%,-0.38%,-0.26%,-0.26%,-1.16%,-1.16%,-0.65%,+1.44%,+0.65%,-2.44%
8390.TWO,-2.04%,+0.00%,-0.78%,-0.26%,+0.00%,+0.00%,-1.32%,+0.27%,-0.27%,+0.00%
5240.TWO,-0.47%,+0.79%,-1.55%,+0.00%,+1.73%,+1.73%,-0.16%,+0.00%,-0.78%,+0.00%
3672.TWO,-0.13%,+1.59%,-1.82%,+11.50%,+2.97%,+2.97%,-4.02%,+1.18%,+0.83%,+0.49%
8383.TWO,-0.16%,+1.75%,+3.60%,+6.95%,+0.00%,+0.00%,+2.54%,+3.17%,-0.93%,+0.54%
4195.TWO,-9.43%,-2.22%,+2.64%,-1.57%,+0.45%,+0.45%,-2.07%,+4.19%,-2.39%,-0.49%
6228.TWO,-6.54%,+0.50%,+0.50%,+0.50%,-0.49%,-0.49%,+0.00%,+1.98%,+4.85%,+0.93%
6275.TWO,+3.67%,+4.13%,-1.70%,-2.31%,+3.24%,+3.24%,+0.00%,+0.00%,-1.43%,-2.32%
3659.TWO,+0.53%,+0.00%,-4.24%,-0.22%,+0.82%,+0.82%,-0.08%,+0.00%,+0.24%,+0.38%
5272.TWO,+0.98%,+0.00%,-0.97%,+6.99%,+0.39%,+0.39%,+4.82%,+0.62%,+6.91%,+1.39%
3631.TWO,-0.19%,+0.19%,+0.00%,-3.20%,+3.11%,+3.11%,+0.19%,+4.71%,+4.68%,-2.41%
5443.TWO,-1.92%,+1.17%,-0.77%,+1.17%,-0.38%,-0.38%,-1.16%,+0.00%,-0.39%,+0.00%
3611.TWO,+0.00%,+0.91%,-1.35%,+6.83%,+6.82%,+6.82%,+1.80%,-1.96%,+4.00%,-0.38%
6219.TWO,-1.49%,+0.75%,+0.00%,-0.75%,-0.25%,-0.25%,-1.26%,+0.51%,+1.02%,+0.00%
5523.TWO,+0.00%,-0.28%,+1.40%,-1.38%,+0.56%,+0.56%,+0.00%,+0.00%,+0.56%,-0.28%
8054.TWO,+0.77%,+0.77%,-2.03%,+0.39%,-0.64%,-0.64%,-0.78%,+1.31%,+0.90%,+1.66%
3680.TWO,+2.10%,-1.57%,-0.20%,-0.20%,-0.80%,-0.80%,-2.52%,+1.03%,+5.02%,-0.97%
4171.TWO,+0.00%,+0.00%,+0.00%,+0.00%,+0.94%,+0.94%,+0.10%,+0.00%,+1.03%,-0.02%
4154.TWO,+0.95%,-0.56%,-0.57%,+0.19%,+0.38%,+0.38%,-0.75%,+0.00%,+0.76%,+0.00%
8093.TWO,+1.58%,-0.67%,-0.11%,+1.45%,+0.77%,+0.77%,+0.55%,+0.98%,-0.54%,-0.43%
5348.TWO,+1.81%,+3.11%,-0.43%,+2.16%,+0.00%,+0.00%,+0.00%,-0.42%,-0.85%,+0.00%
5371.TWO,-1.59%,+0.29%,-2.05%,+1.19%,-1.18%,-1.18%,-1.49%,+0.30%,+0.91%,+1.50%
3541.TWO,+0.81%,+0.00%,-1.82%,+1.75%,+6.67%,+6.67%,+0.47%,+6.60%,+2.21%,-0.87%
4711.TWO,+0.00%,+0.00%,+0.00%,+0.00%,+0.00%,+0.00%,+0.00%,+0.00%,+0.00%,+0.00%
5604.TWO,+0.85%,+0.56%,+0.14%,+0.28%,+1.11%,+1.11%,+1.23%,+0.14%,+0.68%,-0.67%
4147.TWO,+8.17%,+12.22%,+0.56%,-11.35%,+1.30%,+1.30%,+5.46%,-1.26%,+4.48%,+3.02%
3191.TWO,-1.32%,+0.33%,-0.33%,-0.67%,-0.67%,-0.67%,+0.34%,+0.68%,+1.34%,+6.95%
6434.TWO,+0.53%,-0.53%,+2.54%,-0.23%,+0.00%,+0.00%,+0.00%,+1.16%,+2.86%,+1.67%
4166.TWO,-0.23%,-1.37%,+0.68%,+0.72%,+15.14%,+15.14%,-8.30%,-4.65%,+2.24%,+0.25%
6101.TWO,-0.32%,+2.25%,+5.03%,+0.60%,-0.89%,-0.89%,+1.80%,-0.88%,-3.57%,-1.23%
2596.TWO,+0.00%,-0.53%,+2.12%,-1.55%,+1.05%,+1.05%,-0.26%,+0.26%,-0.52%,-0.26%
8917.TWO,+0.00%,+0.00%,+0.00%,+0.00%,+0.00%,+0.00%,+0.00%,+0.00%,+0.00%,+0.00%
3684.TWO,-1.91%,+3.51%,-0.94%,-0.95%,+0.38%,+0.38%,+1.72%,+2.82%,-0.37%,+0.92%
6222.TWO,+0.56%,-0.66%,-0.44%,+0.34%,+5.79%,+5.79%,-3.68%,-1.64%,+5.11%,-3.28%
3227.TWO,+1.26%,-0.16%,+1.56%,+2.46%,+1.35%,+1.35%,-0.30%,+0.59%,+0.00%,+2.81%
4168.TWO,-2.43%,-0.50%,+0.00%,-1.00%,-1.82%,-1.82%,-3.29%,+0.53%,+6.88%,+3.96%
4420.TWO,+0.00%,+0.00%,-1.79%,+0.00%,+0.36%,+0.36%,+0.00%,+0.00%,+0.00%,+0.36%
8227.TWO,+0.00%,+0.00%,+0.00%,+0.00%,+0.00%,+0.00%,+0.00%,+0.00%,+0.00%,+0.00%
5291.TWO,+0.03%,+1.77%,+0.00%,+0.74%,+0.05%,+0.05%,+0.00%,+0.03%,+1.21%,+0.03%
6109.TWO,+0.47%,+0.00%,+0.93%,+0.92%,+6.82%,+6.82%,+0.85%,+2.95%,-0.82%,-0.41%
4130.TWO,+1.51%,-0.81%,+1.09%,-0.68%,-1.09%,-1.09%,-0.83%,+0.97%,+0.27%,+0.00%
3205.TWO,+0.40%,-0.40%,-1.20%,+1.21%,-1.80%,-1.80%,-1.02%,+2.88%,+0.00%,+0.20%
6125.TWO,+1.05%,+5.54%,+1.97%,+2.25%,+0.00%,+0.00%,-0.31%,+0.00%,+0.63%,+0.94%
6220.TWO,+0.45%,-0.44%,+0.45%,+0.44%,-0.88%,-0.88%,-0.45%,+1.35%,+1.77%,+0.00%
3095.TWO,-2.98%,+2.46%,-1.20%,+0.00%,+2.02%,+2.02%,-0.40%,+0.80%,+0.00%,+0.79%
4911.TWO,-3.13%,+2.58%,-0.94%,-3.49%,+0.33%,+0.33%,-0.66%,+0.00%,+2.97%,-1.28%
6198.TWO,+0.00%,+1.24%,+0.61%,-0.91%,-3.69%,-3.69%,+0.00%,+0.00%,+1.92%,-2.19%
4194.TWO,-5.00%,+0.00%,+4.35%,-2.08%,+0.00%,+0.00%,+0.00%,+0.77%,+2.41%,+0.00%
8255.TWO,+1.19%,+2.34%,-1.53%,-0.39%,+1.56%,+1.56%,+0.38%,+1.15%,+0.38%,+0.00%
8299.TWO,+2.64%,+2.34%,+0.91%,+0.00%,-2.94%,-2.94%,-0.23%,+0.70%,+1.16%,+0.92%
6144.TWO,+0.00%,-0.83%,+1.26%,-1.24%,+0.00%,+0.00%,+0.42%,-2.93%,+1.29%,+0.00%
3555.TWO,-0.41%,-1.66%,+0.84%,-2.09%,+2.56%,+2.56%,-1.25%,+0.84%,-1.26%,+0.85%
3551.TWO,-0.15%,+1.92%,-2.46%,-2.38%,-0.76%,-0.76%,-4.14%,+3.68%,+0.15%,+1.85%
3570.TWO,-0.88%,-1.33%,-0.90%,+0.45%,+3.62%,+3.62%,+6.99%,-2.86%,+1.68%,-2.48%
3207.TWO,-1.90%,+4.52%,+1.23%,-1.22%,-4.32%,-4.32%,+1.94%,-0.95%,+0.64%,+1.27%
3067.TWO,+0.89%,-0.59%,-1.19%,+1.20%,+0.00%,+0.00%,-0.89%,-0.30%,-1.80%,+0.61%
4939.TWO,-1.99%,+1.16%,+5.17%,+0.55%,+2.17%,+2.17%,+0.53%,+1.32%,+1.57%,+0.26%
8401.TWO,+2.38%,+0.33%,+0.00%,+3.97%,+0.96%,+0.96%,-1.58%,+0.64%,+1.27%,+0.63%
3567.TWO,+0.00%,-1.12%,-1.51%,-1.53%,+0.39%,+0.39%,+0.00%,+0.00%,+1.94%,-0.38%
3678.TWO,+0.00%,+0.00%,+2.34%,+1.53%,+0.00%,+0.00%,+0.00%,-4.89%,+3.75%,+4.38%
2640.TWO,+0.00%,+0.00%,+0.83%,-0.82%,+6.64%,+6.64%,+0.00%,+3.11%,+0.38%,+4.14%
3217.TWO,-0.65%,+0.33%,-0.33%,+0.33%,+0.00%,+0.00%,+0.00%,+0.33%,+2.61%,-1.27%
4172.TWO,-0.83%,-4.65%,-1.22%,+1.65%,-5.28%,-5.28%,-10.50%,+4.58%,+5.16%,+2.01%
3492.TWO,-0.45%,+0.00%,-0.45%,+0.00%,+0.45%,+0.45%,+1.35%,-0.88%,-1.34%,+2.26%
1594.TWO,+0.00%,+0.00%,+0.00%,+0.00%,+1.16%,+1.16%,+0.00%,+0.00%,+0.00%,+0.00%
6134.TWO,-1.25%,+1.26%,-1.13%,-0.57%,+1.73%,+1.73%,+0.79%,+1.12%,+1.67%,-0.11%
4534.TWO,+0.00%,+2.29%,-1.68%,-1.42%,+3.76%,+3.76%,+2.51%,+6.79%,-0.76%,-2.05%
4113.TWO,-0.87%,-0.22%,-0.22%,-0.44%,-0.44%,-0.44%,-0.67%,-0.22%,+0.22%,-0.22%
4131.TWO,-0.56%,-1.47%,+0.69%,-2.39%,+0.12%,+0.12%,+3.26%,+0.45%,-0.56%,+1.58%
3687.TWO,-1.73%,+0.35%,+0.82%,-0.93%,+0.82%,+0.82%,-0.70%,+1.05%,+1.16%,+0.23%
3147.TWO,+0.23%,+1.08%,+0.00%,-0.45%,-3.12%,-3.12%,+0.00%,-0.58%,+0.00%,+0.59%
3520.TWO,-5.10%,+2.47%,+4.82%,+6.89%,+6.95%,+6.95%,+0.71%,+1.41%,-0.58%,+1.51%
4523.TWO,-0.55%,-0.73%,-0.18%,-1.11%,+1.12%,+1.12%,-0.18%,-0.19%,+0.00%,+0.37%
6156.TWO,+1.40%,-0.50%,-0.38%,-0.25%,+0.13%,+0.13%,+0.25%,-1.39%,+1.54%,+0.00%
6506.TWO,+6.98%,+5.16%,-2.07%,-2.37%,+1.62%,+1.62%,+1.60%,-0.26%,+6.56%,+0.25%
4702.TWO,+1.56%,-0.44%,-1.32%,+0.67%,+0.00%,+0.00%,-1.33%,+0.67%,+0.89%,+1.77%
5487.TWO,-0.19%,+0.94%,-0.93%,+0.94%,+0.93%,+0.93%,-0.74%,+1.49%,+1.47%,+2.17%
4549.TWO,-1.13%,+0.38%,-0.76%,-0.76%,-0.68%,-0.68%,-0.08%,+0.78%,+3.62%,-2.76%
8096.TWO,-1.27%,+0.00%,-2.26%,+0.99%,+0.00%,+0.00%,+0.65%,-0.65%,+0.98%,+0.00%
4163.TWO,+0.56%,-1.93%,+0.00%,+3.10%,-1.64%,-1.64%,-0.83%,+0.28%,+0.00%,+0.00%
5450.TWO,-6.60%,+6.81%,-1.72%,+1.50%,-0.98%,-0.98%,-0.74%,+0.25%,+1.50%,+3.69%
4304.TWO,-4.63%,-4.37%,+3.05%,-2.66%,+1.21%,+1.21%,-0.50%,+1.51%,+0.99%,+0.49%
9950.TWO,-0.15%,-0.46%,+0.31%,+0.61%,-2.44%,-2.44%,+2.81%,+0.15%,-0.15%,-0.61%
3230.TWO,+0.77%,-2.07%,-1.90%,+1.25%,+0.11%,+0.11%,+0.00%,-0.67%,+0.45%,-0.34%
6170.TWO,+0.78%,+0.77%,-1.53%,-6.61%,-0.83%,-0.83%,+2.10%,-0.82%,+0.00%,+0.83%
3363.TWO,-2.94%,+0.41%,+0.27%,+2.19%,+0.53%,+0.53%,-0.27%,+3.20%,+1.81%,-0.89%
6121.TWO,+0.64%,+0.32%,-0.95%,+0.96%,+0.32%,+0.32%,-0.63%,+0.64%,+0.00%,-0.32%
6229.TWO,+0.00%,+0.28%,+1.99%,-1.67%,-0.85%,-0.85%,+0.57%,+1.42%,+1.12%,+0.83%
4950.TWO,-0.27%,+2.73%,-4.26%,+1.11%,+0.55%,+0.55%,+0.00%,+0.27%,+4.90%,-0.52%
3276.TWO,-0.96%,+6.75%,-1.51%,+6.73%,+6.88%,+6.88%,+6.97%,+2.76%,+0.49%,+0.49%
3162.TWO,-0.61%,+0.86%,-0.73%,+0.74%,+0.00%,+0.00%,+0.00%,-0.61%,+0.12%,-0.61%
3491.TWO,-0.97%,+0.98%,+0.83%,+0.00%,-1.79%,-1.79%,+0.28%,+2.10%,+6.58%,-0.64%
5864.TWO,+0.00%,+0.00%,+0.00%,-0.55%,+0.00%,+0.00%,-0.83%,+0.00%,+1.39%,-0.68%
5016.TWO,+1.07%,-1.59%,+0.90%,+3.56%,+0.34%,+0.34%,-0.68%,+0.34%,-0.34%,+0.00%
6603.TWO,+2.26%,+0.00%,-0.37%,-0.74%,-1.12%,-1.12%,-0.38%,+1.13%,-0.37%,+0.37%
3483.TWO,-1.18%,+0.96%,-0.47%,+1.19%,+2.59%,+2.59%,-0.46%,-0.69%,+2.55%,+2.94%
6417.TWO,-0.49%,-3.58%,+0.06%,-0.63%,+4.66%,+4.66%,+1.59%,+0.00%,+0.11%,+2.59%
6208.TWO,+4.31%,-0.28%,-0.83%,+5.01%,+1.06%,+1.06%,+3.94%,+0.51%,+0.75%,-1.25%
6274.TWO,+2.66%,+0.93%,-0.18%,+2.94%,+1.61%,+1.61%,-3.69%,+1.46%,+0.72%,-0.18%
8183.TWO,-0.27%,+6.90%,+4.18%,+1.22%,-0.36%,-0.36%,-0.24%,+1.09%,+0.24%,+1.91%
8277.TWO,-0.30%,+0.00%,-1.80%,+1.22%,+0.00%,+0.00%,-1.20%,+0.30%,+0.30%,+1.21%
5392.TWO,-2.26%,+3.58%,+1.78%,-0.55%,+1.32%,+1.32%,-0.65%,+0.88%,+0.22%,+5.84%
4105.TWO,-0.74%,+0.00%,-0.11%,+0.00%,-0.96%,-0.96%,+0.00%,+2.04%,+0.11%,-1.05%
5262.TWO,-5.88%,-9.09%,+3.53%,+1.59%,-4.54%,-4.54%,-2.00%,-0.45%,+2.50%,+5.88%
6227.TWO,+1.24%,-4.28%,-2.88%,+0.66%,+0.65%,+0.65%,+0.00%,+2.27%,+0.00%,+0.63%
3228.TWO,-0.78%,+0.59%,+0.00%,+0.79%,+2.73%,+2.73%,+0.57%,+0.00%,-0.75%,-0.19%
6020.TWO,+0.53%,-0.52%,+1.58%,+0.26%,-0.78%,-0.78%,+0.00%,+1.04%,+0.26%,+0.77%
6270.TWO,-1.06%,-0.36%,+0.00%,+0.00%,+0.00%,+0.00%,-1.08%,+1.45%,+2.14%,+1.40%
8927.TWO,+1.70%,+0.00%,-0.84%,+0.00%,+1.27%,+1.27%,-0.83%,+0.00%,+0.00%,+0.84%
8440.TWO,+0.00%,+0.00%,+0.00%,+0.00%,-2.36%,-2.36%,+0.00%,+1.85%,+0.00%,-2.50%
6021.TWO,+0.35%,-0.35%,-0.35%,+0.35%,-0.69%,-0.69%,+0.00%,+2.45%,+0.68%,+1.02%
3272.TWO,-0.31%,+10.53%,+7.04%,+13.62%,-8.51%,-8.51%,+14.72%,+1.57%,+3.41%,-4.05%
4745.TWO,+2.39%,+6.07%,-0.88%,+3.56%,-3.00%,-3.00%,-3.10%,+1.83%,-2.69%,+2.30%
5381.TWO,-2.73%,+2.80%,+0.91%,+3.42%,-1.22%,-1.22%,+0.88%,+0.52%,-0.35%,-0.17%
8121.TWO,+3.71%,+1.79%,-2.20%,+1.57%,+1.22%,+1.22%,-1.64%,+1.33%,+0.44%,+6.99%
3630.TWO,+1.15%,+0.81%,-1.45%,+0.16%,+3.26%,+3.26%,-1.89%,+0.00%,-0.32%,+0.65%
8040.TWO,-3.37%,+2.49%,+0.00%,-1.94%,+0.00%,+0.00%,+1.49%,+1.46%,+0.96%,+2.38%
8067.TWO,+4.23%,-0.58%,-1.02%,-0.15%,+0.00%,+0.00%,+0.00%,-2.95%,+3.19%,-3.98%
3349.TWO,+0.00%,+0.00%,+2.23%,+1.09%,+2.05%,+2.05%,+0.11%,+2.12%,+0.00%,-1.81%
3666.TWO,+0.18%,+0.63%,-1.42%,+1.95%,+11.38%,+11.38%,+0.29%,+6.78%,-3.84%,-0.09%
5245.TWO,+0.00%,-2.84%,+2.52%,+0.00%,+0.00%,+0.00%,+0.00%,+0.00%,-1.17%,+0.00%
6237.TWO,+0.22%,-1.56%,-0.23%,-1.14%,+0.46%,+0.46%,-1.14%,+2.31%,+0.45%,+0.90%
3689.TWO,-0.30%,+0.00%,+0.71%,+5.05%,+0.48%,+0.48%,-3.35%,+0.50%,-1.87%,+1.41%
3354.TWO,+0.00%,+0.00%,-0.83%,+2.10%,+1.23%,+1.23%,-0.81%,+2.46%,+3.60%,+0.00%
8092.TWO,+2.30%,-6.50%,+0.53%,+1.06%,-3.16%,-3.16%,+0.00%,+0.82%,-0.81%,-1.90%
2066.TWO,-0.39%,+0.79%,+0.78%,-1.16%,+1.18%,+1.18%,-0.78%,+0.78%,+0.00%,+1.16%
5905.TWO,+0.00%,+2.87%,+0.00%,-0.80%,-1.20%,-1.20%,-0.81%,+0.41%,+0.82%,-0.40%
1569.TWO,-2.17%,-1.97%,+0.50%,+0.25%,+0.00%,+0.00%,+0.00%,+2.74%,-0.49%,-0.98%
6233.TWO,+0.00%,+6.88%,+1.15%,-2.50%,-1.40%,-1.40%,+0.00%,+5.91%,-6.92%,+0.00%
3176.TWO,+6.97%,-2.33%,-1.19%,+0.48%,-0.48%,-0.48%,-3.98%,+1.13%,+4.71%,-0.24%
3178.TWO,+0.34%,+0.00%,+0.00%,+1.01%,+0.00%,+0.00%,-3.65%,+3.38%,-3.27%,-1.72%
8043.TWO,-1.67%,+1.98%,-0.28%,+0.00%,+0.56%,+0.56%,+0.00%,+0.55%,-0.27%,-0.28%
3374.TWO,-0.22%,-0.90%,+0.77%,+0.08%,+0.33%,+0.33%,-0.68%,+2.33%,+0.62%,+5.59%
8086.TWO,+3.30%,+0.25%,-0.49%,+0.00%,+0.99%,+0.99%,-0.98%,+6.65%,+0.23%,+2.76%
8147.TWO,+0.78%,+0.26%,-3.10%,+0.93%,+4.36%,+4.36%,-1.14%,+0.38%,+1.91%,+2.63%
3580.TWO,-2.87%,-1.87%,-1.27%,-0.32%,+6.94%,+6.94%,+6.94%,+6.91%,+0.13%,-3.43%
6292.TWO,+0.00%,-1.39%,-0.78%,+1.27%,-0.16%,-0.16%,+0.47%,+0.62%,+1.24%,-0.76%
3264.TWO,-5.34%,+1.46%,-0.41%,+0.00%,-0.41%,-0.41%,+0.83%,+2.26%,+0.00%,+5.03%
8358.TWO,+1.09%,+0.54%,-0.53%,+0.54%,-0.53%,-0.53%,+0.00%,+0.54%,+0.00%,+5.35%
5902.TWO,-1.75%,-3.57%,-2.65%,+1.63%,-1.34%,-1.34%,-0.54%,+0.82%,+0.27%,+6.74%
4303.TWO,+0.80%,-0.79%,+0.80%,-0.40%,+1.20%,+1.20%,-0.79%,+0.00%,+1.19%,+5.88%
6174.TWO,-6.89%,-1.35%,-1.14%,+4.60%,-1.10%,-1.10%,-1.11%,+1.80%,-0.66%,+1.78%
5364.TWO,+0.00%,+0.00%,-0.19%,+0.00%,+0.19%,+0.19%,+0.00%,+0.00%,+0.00%,+0.00%
3623.TWO,+4.35%,+0.00%,+0.00%,+3.77%,-0.57%,-0.57%,-0.58%,+3.29%,+2.62%,+4.01%
8929.TWO,-1.27%,-6.01%,+2.85%,-1.89%,+0.90%,+0.90%,+0.56%,+0.78%,-1.33%,-1.79%
5483.TWO,+5.65%,-1.15%,+2.70%,+4.89%,-0.72%,-0.72%,+1.62%,-0.18%,+0.36%,-1.60%
3066.TWO,+0.00%,+3.20%,+4.55%,+0.17%,+0.87%,+0.87%,-1.72%,+0.00%,+4.39%,+0.84%
3624.TWO,+0.55%,-5.43%,-1.34%,+0.97%,+1.54%,+1.54%,-1.52%,+0.77%,+1.53%,-0.75%
3085.TWO,-6.95%,-6.99%,-6.88%,-4.24%,-7.00%,-7.00%,-6.91%,+6.93%,+6.94%,+2.45%
8099.TWO,-1.96%,-0.22%,-0.44%,+1.34%,+1.32%,+1.32%,+0.22%,+0.65%,+1.29%,-0.64%
3073.TWO,+1.07%,+0.00%,+3.17%,-4.10%,-1.07%,-1.07%,+1.08%,+0.36%,+0.00%,-0.71%
8924.TWO,+2.03%,+1.24%,-1.23%,+0.00%,-1.74%,-1.74%,-1.01%,+0.51%,+0.51%,-0.25%
1259.TWO,+0.56%,+0.42%,+0.00%,+0.42%,+0.14%,+0.14%,+0.14%,-0.28%,+0.00%,-0.28%
8087.TWO,-0.12%,-0.49%,+0.00%,+1.59%,-0.12%,-0.12%,+0.00%,-0.84%,-0.36%,-0.12%
2736.TWO,+0.00%,+0.00%,+1.18%,-2.71%,+0.26%,+0.26%,+0.00%,+0.00%,+0.34%,+0.00%
5520.TWO,-0.68%,+0.00%,+0.00%,+0.00%,+0.00%,+0.00%,+0.00%,+0.00%,+0.00%,-0.17%
4979.TWO,-2.27%,+0.93%,+0.12%,+0.92%,+0.46%,+0.46%,+0.79%,+1.35%,-0.67%,+0.78%
4971.TWO,+0.00%,-1.78%,-0.82%,-0.17%,-1.66%,-1.66%,+0.17%,+1.01%,+0.67%,-0.50%
6425.TWO,-0.72%,+0.11%,+1.06%,-0.70%,-0.04%,-0.04%,-0.32%,-0.01%,-0.32%,-0.26%
5498.TWO,-0.14%,+0.00%,+0.28%,+0.28%,+0.28%,+0.28%,+1.38%,-0.27%,-0.82%,+0.27%
1785.TWO,-0.37%,-0.92%,+1.12%,+2.39%,-0.36%,-0.36%,+2.16%,+1.06%,-1.57%,+0.00%
3152.TWO,-0.68%,-1.03%,+0.35%,+1.04%,-1.03%,-1.03%,-1.04%,+0.00%,+1.40%,+0.69%
4502.TWO,-0.45%,+0.00%,-4.39%,-2.54%,+0.81%,+0.81%,-1.61%,+0.00%,+4.92%,-3.12%
4170.TWO,+0.00%,+2.71%,+0.96%,-0.88%,+0.36%,+0.36%,-0.49%,+0.76%,+8.16%,+0.00%
當年度平均,-0.07%,+0.25%,+0.05%,+0.59%,+0.11%,+0.11%,-0.13%,+1.08%,+0.68%,+0.70%
