Combo,WinRate,PF
MACD_Death_Cross + Upper_Band,0.6842,5.1805
MACD_Momentum_Up + MACD_Momentum_Down,0.6579,4.229
MACD_Bearish_Strong + KDJ_K,0.6053,3.9191
MACD_Death_Cross + Bias_Divergence,0.6316,3.8783
MACD_Death_Cross + +DI,0.6842,3.8234
Vol_Spike + Bias_Divergence,0.6579,3.8142
OBV + ADX_5,0.6579,3.761
OBV + BIAS_20,0.6579,3.761
OBV + BIAS_6,0.6579,3.761
OBV + BIAS_Short_Col,0.6579,3.761
OBV + Vol_Spike,0.6579,3.761
OBV + Vol_Ratio,0.6579,3.761
OBV + +DI,0.6579,3.761
OBV + ADX,0.6579,3.761
OBV + -DI,0.6579,3.761
OBV + CCI,0.6579,3.761
OBV + OBV_MA,0.6579,3.761
OBV + ATR_20,0.6579,3.761
OBV + Bullish_Align,0.6579,3.761
OBV + Vol_MA6,0.6579,3.761
OBV + Strong_Trend,0.6579,3.761
OBV + Bias_Divergence,0.6579,3.761
OBV + V_MA20,0.6579,3.761
OBV + Bias_Ratio,0.6579,3.761
OBV + MA20,0.6579,3.761
OBV + High_120,0.6579,3.761
OBV + MA200,0.6579,3.761
OBV + DMA_Momentum_Up,0.6579,3.761
OBV + DMA_Diff,0.6579,3.761
OBV + DMA_Bullish,0.6579,3.761
OBV + DMA_Death_Cross,0.6579,3.761
OBV + DMA_Golden_Cross,0.6579,3.761
OBV + AMA,0.6579,3.761
OBV + DMA,0.6579,3.761
OBV + MA_Long,0.6579,3.761
OBV + MA_Short,0.6579,3.761
OBV + Golden_Cross,0.6579,3.761
OBV + Short_Term_Rebound,0.6579,3.761
OBV + MA_60,0.6579,3.761
DMA_Death_Cross + DMA_Bullish,0.6053,3.6587
Bullish_Align + DMA_Momentum_Up,0.6316,3.5978
MACD_Momentum_Down + Williams,0.6316,3.5887
MACD_Death_Cross + -DI,0.5526,3.5757
MACD_Bearish_Zone + ATR_20,0.6842,3.5355
MACD_Death_Cross + RSI,0.6053,3.5137
MACD_Bearish_Zone + MA200,0.6316,3.4266
MACD_Golden_Cross + ADX_5,0.5676,3.3589
MACD_Death_Cross + Bias_Ratio,0.6579,3.3574
DMA_Death_Cross + V_MA20,0.6053,3.3383
MACD_Golden_Cross + High_120,0.6053,3.2963
Bullish_Align + Strong_Trend,0.6053,3.281
MACD_Bullish_Zone + Williams,0.5526,3.2345
Bullish_Align + Golden_Cross,0.6053,3.2307
MACD_Momentum_Down + MA200,0.5789,3.2023
MACD_Momentum_Up + BIAS_Short_Col,0.6316,3.1374
MACD_Bullish_Strong + MA_Short,0.6053,3.1357
MACD_Death_Cross + Short_Term_Rebound,0.6316,3.1235
MACD_Bullish_Strong + MA200,0.6053,3.1193
MACD_Momentum_Down + Strong_Trend,0.6842,3.1063
MACD_Death_Cross + Lower_Band,0.6316,3.0999
Short_Term_Rebound + Strong_Trend,0.6316,3.0072
DMA_Death_Cross + MA_60,0.6316,2.9801
MACD_Bearish_Strong + KDJ_D,0.5789,2.9758
Vol_Spike + ATR_20,0.6316,2.9666
MACD_Momentum_Down + Vol_Ratio,0.6053,2.9281
MACD_Bearish_Strong + BIAS_Short_Col,0.5789,2.9035
Golden_Cross + V_MA20,0.6316,2.9012
MACD_Bearish_Strong + OBV,0.5789,2.8855
MACD_Golden_Cross + MACD_Bearish_Strong,0.5789,2.8736
MACD_Momentum_Down + OBV_MA,0.6842,2.8656
Bullish_Align + Short_Term_Rebound,0.6579,2.8521
MACD_Golden_Cross + Williams,0.6316,2.8265
MACD_Death_Cross + MA_Short,0.6316,2.8209
MACD_Golden_Cross + CCI,0.6053,2.7985
MACD_Bearish_Zone + MACD_Momentum_Down,0.6053,2.7663
Bias_Divergence + DMA_Bullish,0.6579,2.7301
MACD_Bearish_Strong + Golden_Cross,0.6053,2.7183
Vol_Spike + DMA_Momentum_Up,0.6053,2.7044
MACD_Momentum_Down + BIAS_Short_Col,0.5789,2.6826
MACD_Momentum_Up + Vol_MA6,0.6316,2.6813
DMA_Death_Cross + Bias_Ratio,0.6053,2.6722
MACD_Bearish_Zone + MACD_Diff,0.6053,2.6487
DEMA_5 + WMA_10,0.5789,2.6431
DEMA_5 + ATR_20,0.5789,2.6431
DEMA_5 + MA_60,0.5789,2.6431
DEMA_5 + Bias_Ratio,0.5789,2.6431
DEMA_5 + SMA_10,0.5789,2.6431
DEMA_5 + EMA_10,0.5789,2.6431
DEMA_5 + MA_10,0.5789,2.6431
DEMA_5 + HMA_10,0.5789,2.6431
DEMA_5 + V_MA20,0.5789,2.6431
DEMA_5 + DMA_Death_Cross,0.5789,2.6431
DEMA_5 + MA20,0.5789,2.6431
DEMA_5 + High_120,0.5789,2.6431
DEMA_5 + AMA,0.5789,2.6431
DEMA_5 + DMA,0.5789,2.6431
DEMA_5 + DMA_Bullish,0.5789,2.6431
DEMA_5 + MA_Long,0.5789,2.6431
DEMA_5 + MA_Short,0.5789,2.6431
DEMA_5 + DMA_Diff,0.5789,2.6431
DEMA_5 + Golden_Cross,0.5789,2.6431
DEMA_5 + KAMA_10,0.5789,2.6431
DEMA_5 + DMA_Momentum_Up,0.5789,2.6431
DEMA_5 + KAMA_5,0.5789,2.6431
DEMA_5 + SMMA_5,0.5789,2.6431
DEMA_5 + MA200,0.5789,2.6431
DEMA_5 + Bias_Divergence,0.5789,2.6431
DEMA_5 + Strong_Trend,0.5789,2.6431
DEMA_5 + DMA_Golden_Cross,0.5789,2.6431
DEMA_5 + DEMA_10,0.5789,2.6431
DEMA_5 + HMA_20,0.5789,2.6431
DEMA_5 + SMMA_10,0.5789,2.6431
DEMA_5 + RSI,0.5789,2.6431
DEMA_5 + SMA,0.5789,2.6431
DEMA_5 + Upper_Band,0.5789,2.6431
DEMA_5 + Lower_Band,0.5789,2.6431
DEMA_5 + BOLL,0.5789,2.6431
DEMA_5 + Williams,0.5789,2.6431
DEMA_5 + KDJ_K,0.5789,2.6431
DEMA_5 + KDJ_D,0.5789,2.6431
DEMA_5 + KDJ_J,0.5789,2.6431
DEMA_5 + OBV,0.5789,2.6431
DEMA_5 + OBV_MA,0.5789,2.6431
DEMA_5 + CCI,0.5789,2.6431
DEMA_5 + +DI,0.5789,2.6431
DEMA_5 + -DI,0.5789,2.6431
DEMA_5 + ADX,0.5789,2.6431
DEMA_5 + ADX_5,0.5789,2.6431
DEMA_5 + Vol_MA6,0.5789,2.6431
DEMA_5 + Vol_Ratio,0.5789,2.6431
DEMA_5 + Vol_Spike,0.5789,2.6431
DEMA_5 + BIAS_Short_Col,0.5789,2.6431
DEMA_5 + BIAS_6,0.5789,2.6431
DEMA_5 + BIAS_20,0.5789,2.6431
DEMA_5 + Bullish_Align,0.5789,2.6431
DEMA_5 + Short_Term_Rebound,0.5789,2.6431
DEMA_5 + MA_20,0.5789,2.6431
DEMA_5 + MACD_Momentum_Ratio,0.5789,2.6431
DEMA_5 + MACD_Hist,0.5789,2.6431
DEMA_5 + MACD_Signal,0.5789,2.6431
DEMA_5 + WMA_20,0.5789,2.6431
DEMA_5 + DEMA_20,0.5789,2.6431
DEMA_5 + KAMA_20,0.5789,2.6431
DEMA_5 + SMMA_20,0.5789,2.6431
DEMA_5 + WMA_6,0.5789,2.6431
DEMA_5 + DIF,0.5789,2.6431
DEMA_5 + DEA,0.5789,2.6431
DEMA_5 + MACD_Bearish_Strong,0.5789,2.6431
DEMA_5 + MACD,0.5789,2.6431
DEMA_5 + SMA_20,0.5789,2.6431
DEMA_5 + MACD_OSC,0.5789,2.6431
DEMA_5 + MACD_Golden_Cross,0.5789,2.6431
DEMA_5 + MACD_Death_Cross,0.5789,2.6431
DEMA_5 + MACD_Bullish_Zone,0.5789,2.6431
DEMA_5 + MACD_Bearish_Zone,0.5789,2.6431
DEMA_5 + EMA_20,0.5789,2.6431
DEMA_5 + MACD_Diff,0.5789,2.6431
DEMA_5 + MACD_Momentum_Up,0.5789,2.6431
DEMA_5 + MACD_Momentum_Down,0.5789,2.6431
DEMA_5 + MACD_Bullish_Strong,0.5789,2.6431
Bias_Divergence + DMA_Death_Cross,0.5789,2.631
MACD_Bearish_Strong + Vol_Spike,0.5789,2.627
MACD_Bullish_Strong + +DI,0.6486,2.6168
MACD_Golden_Cross + OBV,0.5789,2.6164
MACD_Bullish_Zone + BOLL,0.6579,2.6113
MACD_Death_Cross + Vol_Spike,0.5526,2.6041
MACD_Golden_Cross + Lower_Band,0.6053,2.5979
High_120 + Bias_Ratio,0.6053,2.5919
DMA_Death_Cross + High_120,0.6053,2.5864
MA_60 + ATR_20,0.6053,2.5809
MACD_Death_Cross + BIAS_20,0.5526,2.5658
Golden_Cross + Bias_Ratio,0.5789,2.5536
MACD_Momentum_Down + AMA,0.6053,2.5448
MACD_Death_Cross + MA200,0.5789,2.5405
MACD_Bullish_Strong + MA20,0.6053,2.5381
MA_Long + Bias_Ratio,0.6053,2.521
MA_Long + DMA_Golden_Cross,0.6053,2.521
MA_Long + ATR_20,0.6053,2.521
MA_Long + MA20,0.6053,2.521
MA_Long + DMA,0.6053,2.521
MA_Long + AMA,0.6053,2.521
MA_Long + V_MA20,0.6053,2.521
MA_Long + MA_60,0.6053,2.521
MA_Long + DMA_Death_Cross,0.6053,2.521
MA_Long + DMA_Diff,0.6053,2.521
MA_Long + DMA_Momentum_Up,0.6053,2.521
MA_Long + MA200,0.6053,2.521
MA_Long + DMA_Bullish,0.6053,2.521
MA_Long + High_120,0.6053,2.521
Bullish_Align + ATR_20,0.6316,2.5183
ADX + DMA_Bullish,0.5526,2.5058
ADX + V_MA20,0.5526,2.5058
ADX + Bias_Ratio,0.5526,2.5058
ADX + MA20,0.5526,2.5058
ADX + High_120,0.5526,2.5058
ADX + MA200,0.5526,2.5058
ADX + DMA_Momentum_Up,0.5526,2.5058
ADX + DMA_Diff,0.5526,2.5058
ADX + DMA_Golden_Cross,0.5526,2.5058
ADX + DMA_Death_Cross,0.5526,2.5058
ADX + AMA,0.5526,2.5058
ADX + DMA,0.5526,2.5058
ADX + MA_Short,0.5526,2.5058
ADX + Golden_Cross,0.5526,2.5058
ADX + ATR_20,0.5526,2.5058
ADX + Bias_Divergence,0.5526,2.5058
ADX + Strong_Trend,0.5526,2.5058
ADX + MA_60,0.5526,2.5058
ADX + MA_Long,0.5526,2.5058
ADX + Short_Term_Rebound,0.5526,2.5058
ADX + Vol_Ratio,0.5526,2.5058
ADX + BIAS_20,0.5526,2.5058
ADX + Bullish_Align,0.5526,2.5058
ADX + BIAS_6,0.5526,2.5058
ADX + BIAS_Short_Col,0.5526,2.5058
ADX + ADX_5,0.5526,2.5058
ADX + Vol_Spike,0.5526,2.5058
ADX + Vol_MA6,0.5526,2.5058
MACD_Bearish_Strong + DMA_Bullish,0.6053,2.5056
Strong_Trend + High_120,0.6053,2.4963
MACD_Bearish_Strong + AMA,0.5789,2.4938
MACD_Momentum_Up + MA_Long,0.5526,2.4893
Golden_Cross + MA_Short,0.6316,2.4869
MACD_Momentum_Up + KDJ_D,0.6053,2.4731
MACD_Bullish_Strong + Strong_Trend,0.5789,2.4675
MACD_Bullish_Strong + Bias_Ratio,0.5789,2.4587
MACD_Death_Cross + DMA_Diff,0.6316,2.451
MACD_Death_Cross + High_120,0.6316,2.4495
Vol_Spike + DMA_Diff,0.5526,2.4483
MACD_Bearish_Zone + SMA,0.6316,2.4471
Golden_Cross + ATR_20,0.6579,2.4425
EMA_5 + Bullish_Align,0.6053,2.4347
EMA_5 + +DI,0.6053,2.4347
EMA_5 + Short_Term_Rebound,0.6053,2.4347
EMA_5 + BIAS_20,0.6053,2.4347
EMA_5 + BIAS_6,0.6053,2.4347
EMA_5 + BIAS_Short_Col,0.6053,2.4347
EMA_5 + Vol_Spike,0.6053,2.4347
EMA_5 + Vol_Ratio,0.6053,2.4347
EMA_5 + Vol_MA6,0.6053,2.4347
EMA_5 + ADX_5,0.6053,2.4347
EMA_5 + ADX,0.6053,2.4347
EMA_5 + -DI,0.6053,2.4347
EMA_5 + Upper_Band,0.6053,2.4347
EMA_5 + CCI,0.6053,2.4347
EMA_5 + OBV_MA,0.6053,2.4347
EMA_5 + OBV,0.6053,2.4347
EMA_5 + KDJ_J,0.6053,2.4347
EMA_5 + KDJ_D,0.6053,2.4347
EMA_5 + KDJ_K,0.6053,2.4347
EMA_5 + Williams,0.6053,2.4347
EMA_5 + BOLL,0.6053,2.4347
EMA_5 + Lower_Band,0.6053,2.4347
EMA_5 + SMA,0.6053,2.4347
EMA_5 + RSI,0.6053,2.4347
EMA_5 + Bias_Divergence,0.6053,2.4347
EMA_5 + Strong_Trend,0.6053,2.4347
SMMA_5 + MACD_Golden_Cross,0.6053,2.4347
EMA_5 + Golden_Cross,0.6053,2.4347
EMA_5 + V_MA20,0.6053,2.4347
SMMA_5 + MACD_Death_Cross,0.6053,2.4347
SMMA_5 + ATR_20,0.6053,2.4347
SMMA_5 + MA_60,0.6053,2.4347
SMMA_5 + V_MA20,0.6053,2.4347
SMMA_5 + Bias_Ratio,0.6053,2.4347
SMMA_5 + MA20,0.6053,2.4347
SMMA_5 + High_120,0.6053,2.4347
SMMA_5 + MA200,0.6053,2.4347
SMMA_5 + DMA_Momentum_Up,0.6053,2.4347
EMA_5 + ATR_20,0.6053,2.4347
EMA_5 + MA_60,0.6053,2.4347
EMA_5 + Bias_Ratio,0.6053,2.4347
EMA_5 + MA_Short,0.6053,2.4347
EMA_5 + MA20,0.6053,2.4347
EMA_5 + High_120,0.6053,2.4347
EMA_5 + MA200,0.6053,2.4347
EMA_5 + DMA_Momentum_Up,0.6053,2.4347
EMA_5 + DMA_Diff,0.6053,2.4347
EMA_5 + DMA_Bullish,0.6053,2.4347
EMA_5 + DMA_Death_Cross,0.6053,2.4347
EMA_5 + DMA_Golden_Cross,0.6053,2.4347
EMA_5 + AMA,0.6053,2.4347
EMA_5 + DMA,0.6053,2.4347
EMA_5 + MA_Long,0.6053,2.4347
EMA_5 + MACD_Momentum_Ratio,0.6053,2.4347
EMA_5 + MACD_Bearish_Strong,0.6053,2.4347
EMA_5 + MACD_Bullish_Strong,0.6053,2.4347
SMMA_5 + BIAS_Short_Col,0.6053,2.4347
SMMA_5 + MACD_Momentum_Up,0.6053,2.4347
SMMA_5 + MACD_Momentum_Down,0.6053,2.4347
SMMA_5 + MACD_Bullish_Strong,0.6053,2.4347
SMMA_5 + MACD_Bearish_Strong,0.6053,2.4347
SMMA_5 + MACD_Momentum_Ratio,0.6053,2.4347
SMMA_5 + RSI,0.6053,2.4347
SMMA_5 + SMA,0.6053,2.4347
SMMA_5 + Upper_Band,0.6053,2.4347
SMMA_5 + Lower_Band,0.6053,2.4347
SMMA_5 + BOLL,0.6053,2.4347
SMMA_5 + Williams,0.6053,2.4347
SMMA_5 + KDJ_K,0.6053,2.4347
SMMA_5 + KDJ_D,0.6053,2.4347
SMMA_5 + KDJ_J,0.6053,2.4347
SMMA_5 + OBV,0.6053,2.4347
SMMA_5 + OBV_MA,0.6053,2.4347
SMMA_5 + CCI,0.6053,2.4347
SMMA_5 + +DI,0.6053,2.4347
SMMA_5 + -DI,0.6053,2.4347
EMA_5 + MACD_Momentum_Down,0.6053,2.4347
SMMA_5 + ADX_5,0.6053,2.4347
SMMA_5 + Vol_MA6,0.6053,2.4347
SMMA_5 + Vol_Ratio,0.6053,2.4347
SMMA_5 + MA_10,0.6053,2.4347
SMMA_5 + EMA_10,0.6053,2.4347
SMMA_5 + WMA_10,0.6053,2.4347
SMMA_5 + SMMA_20,0.6053,2.4347
SMMA_5 + MACD_Bullish_Zone,0.6053,2.4347
SMMA_5 + MACD_Bearish_Zone,0.6053,2.4347
SMMA_5 + MACD_Diff,0.6053,2.4347
SMMA_5 + MACD_OSC,0.6053,2.4347
SMMA_5 + MACD_Hist,0.6053,2.4347
SMMA_5 + MACD_Signal,0.6053,2.4347
SMMA_5 + MACD,0.6053,2.4347
SMMA_5 + DEA,0.6053,2.4347
SMMA_5 + DIF,0.6053,2.4347
SMMA_5 + WMA_6,0.6053,2.4347
SMMA_5 + KAMA_20,0.6053,2.4347
SMMA_5 + SMA_10,0.6053,2.4347
SMMA_5 + DEMA_20,0.6053,2.4347
SMMA_5 + HMA_20,0.6053,2.4347
SMMA_5 + SMA_20,0.6053,2.4347
SMMA_5 + WMA_20,0.6053,2.4347
SMMA_5 + EMA_20,0.6053,2.4347
SMMA_5 + MA_20,0.6053,2.4347
SMMA_5 + SMMA_10,0.6053,2.4347
SMMA_5 + KAMA_10,0.6053,2.4347
SMMA_5 + DEMA_10,0.6053,2.4347
SMMA_5 + HMA_10,0.6053,2.4347
SMMA_5 + Vol_Spike,0.6053,2.4347
SMMA_5 + ADX,0.6053,2.4347
SMMA_5 + BIAS_6,0.6053,2.4347
EMA_5 + DEMA_20,0.6053,2.4347
EMA_5 + HMA_10,0.6053,2.4347
EMA_5 + DEMA_10,0.6053,2.4347
EMA_5 + KAMA_10,0.6053,2.4347
SMMA_5 + BIAS_20,0.6053,2.4347
EMA_5 + SMMA_10,0.6053,2.4347
EMA_5 + MA_20,0.6053,2.4347
EMA_5 + EMA_20,0.6053,2.4347
EMA_5 + WMA_20,0.6053,2.4347
EMA_5 + SMA_20,0.6053,2.4347
EMA_5 + HMA_20,0.6053,2.4347
EMA_5 + KAMA_20,0.6053,2.4347
EMA_5 + MACD_Bullish_Zone,0.6053,2.4347
EMA_5 + SMMA_20,0.6053,2.4347
EMA_5 + WMA_6,0.6053,2.4347
EMA_5 + DIF,0.6053,2.4347
EMA_5 + DEA,0.6053,2.4347
EMA_5 + MACD,0.6053,2.4347
EMA_5 + MACD_Signal,0.6053,2.4347
EMA_5 + MACD_Hist,0.6053,2.4347
EMA_5 + MACD_OSC,0.6053,2.4347
EMA_5 + MACD_Golden_Cross,0.6053,2.4347
EMA_5 + MACD_Bearish_Zone,0.6053,2.4347
EMA_5 + SMA_10,0.6053,2.4347
EMA_5 + MACD_Diff,0.6053,2.4347
EMA_5 + WMA_10,0.6053,2.4347
EMA_5 + EMA_10,0.6053,2.4347
EMA_5 + MACD_Momentum_Up,0.6053,2.4347
SMMA_5 + Bullish_Align,0.6053,2.4347
SMMA_5 + Short_Term_Rebound,0.6053,2.4347
SMMA_5 + Strong_Trend,0.6053,2.4347
SMMA_5 + Bias_Divergence,0.6053,2.4347
SMMA_5 + Golden_Cross,0.6053,2.4347
SMMA_5 + MA_Short,0.6053,2.4347
SMMA_5 + MA_Long,0.6053,2.4347
SMMA_5 + DMA,0.6053,2.4347
SMMA_5 + AMA,0.6053,2.4347
SMMA_5 + DMA_Golden_Cross,0.6053,2.4347
SMMA_5 + DMA_Death_Cross,0.6053,2.4347
SMMA_5 + DMA_Bullish,0.6053,2.4347
SMMA_5 + DMA_Diff,0.6053,2.4347
EMA_5 + WMA_5,0.6053,2.4347
EMA_5 + SMA_5,0.6053,2.4347
EMA_5 + HMA_5,0.6053,2.4347
EMA_5 + DEMA_5,0.6053,2.4347
EMA_5 + KAMA_5,0.6053,2.4347
EMA_5 + SMMA_5,0.6053,2.4347
EMA_5 + MA_10,0.6053,2.4347
EMA_5 + MACD_Death_Cross,0.6053,2.4347
Bullish_Align + MA_60,0.5789,2.4332
MACD_Bearish_Zone + AMA,0.5789,2.4259
Strong_Trend + MA_Long,0.5526,2.4226
MACD_Momentum_Down + MACD_Bearish_Strong,0.6053,2.4226
MACD_Golden_Cross + DMA_Bullish,0.5789,2.4199
WMA_5 + DMA_Diff,0.5789,2.4085
WMA_5 + ATR_20,0.5789,2.4085
WMA_5 + MA_60,0.5789,2.4085
WMA_5 + V_MA20,0.5789,2.4085
WMA_5 + Bias_Ratio,0.5789,2.4085
WMA_5 + MA20,0.5789,2.4085
WMA_5 + High_120,0.5789,2.4085
WMA_5 + MA200,0.5789,2.4085
WMA_5 + DMA_Momentum_Up,0.5789,2.4085
WMA_5 + SMMA_10,0.5789,2.4085
WMA_5 + DMA_Bullish,0.5789,2.4085
WMA_5 + SMA,0.5789,2.4085
WMA_5 + WMA_6,0.5789,2.4085
WMA_5 + DIF,0.5789,2.4085
WMA_5 + DEA,0.5789,2.4085
WMA_5 + MACD,0.5789,2.4085
WMA_5 + MACD_Signal,0.5789,2.4085
WMA_5 + MACD_Hist,0.5789,2.4085
WMA_5 + MACD_OSC,0.5789,2.4085
WMA_5 + MACD_Golden_Cross,0.5789,2.4085
WMA_5 + MACD_Death_Cross,0.5789,2.4085
WMA_5 + MACD_Bullish_Zone,0.5789,2.4085
WMA_5 + MACD_Bearish_Zone,0.5789,2.4085
WMA_5 + MACD_Diff,0.5789,2.4085
WMA_5 + MACD_Momentum_Up,0.5789,2.4085
WMA_5 + MACD_Momentum_Down,0.5789,2.4085
WMA_5 + MACD_Bullish_Strong,0.5789,2.4085
WMA_5 + MACD_Bearish_Strong,0.5789,2.4085
WMA_5 + MACD_Momentum_Ratio,0.5789,2.4085
WMA_5 + SMMA_20,0.5789,2.4085
WMA_5 + KAMA_20,0.5789,2.4085
WMA_5 + DEMA_20,0.5789,2.4085
WMA_5 + WMA_10,0.5789,2.4085
WMA_5 + DMA_Death_Cross,0.5789,2.4085
WMA_5 + HMA_5,0.5789,2.4085
WMA_5 + DEMA_5,0.5789,2.4085
WMA_5 + KAMA_5,0.5789,2.4085
WMA_5 + SMMA_5,0.5789,2.4085
WMA_5 + MA_10,0.5789,2.4085
WMA_5 + EMA_10,0.5789,2.4085
WMA_5 + SMA_10,0.5789,2.4085
WMA_5 + HMA_20,0.5789,2.4085
WMA_5 + HMA_10,0.5789,2.4085
WMA_5 + DEMA_10,0.5789,2.4085
WMA_5 + KAMA_10,0.5789,2.4085
WMA_5 + MA_20,0.5789,2.4085
WMA_5 + EMA_20,0.5789,2.4085
WMA_5 + WMA_20,0.5789,2.4085
WMA_5 + SMA_20,0.5789,2.4085
WMA_5 + RSI,0.5789,2.4085
WMA_5 + SMA_5,0.5789,2.4085
WMA_5 + AMA,0.5789,2.4085
WMA_5 + Vol_Spike,0.5789,2.4085
WMA_5 + Strong_Trend,0.5789,2.4085
WMA_5 + Bias_Divergence,0.5789,2.4085
WMA_5 + Golden_Cross,0.5789,2.4085
WMA_5 + MA_Short,0.5789,2.4085
WMA_5 + MA_Long,0.5789,2.4085
WMA_5 + DMA,0.5789,2.4085
WMA_5 + Vol_Ratio,0.5789,2.4085
WMA_5 + Vol_MA6,0.5789,2.4085
WMA_5 + ADX_5,0.5789,2.4085
WMA_5 + ADX,0.5789,2.4085
WMA_5 + Bullish_Align,0.5789,2.4085
WMA_5 + BIAS_Short_Col,0.5789,2.4085
WMA_5 + -DI,0.5789,2.4085
WMA_5 + BIAS_6,0.5789,2.4085
WMA_5 + +DI,0.5789,2.4085
WMA_5 + CCI,0.5789,2.4085
WMA_5 + KDJ_K,0.5789,2.4085
WMA_5 + Upper_Band,0.5789,2.4085
WMA_5 + DMA_Golden_Cross,0.5789,2.4085
WMA_5 + Lower_Band,0.5789,2.4085
WMA_5 + BOLL,0.5789,2.4085
WMA_5 + Williams,0.5789,2.4085
WMA_5 + KDJ_D,0.5789,2.4085
WMA_5 + BIAS_20,0.5789,2.4085
WMA_5 + KDJ_J,0.5789,2.4085
WMA_5 + OBV,0.5789,2.4085
WMA_5 + OBV_MA,0.5789,2.4085
WMA_5 + Short_Term_Rebound,0.5789,2.4085
MACD_Momentum_Up + MACD_Momentum_Ratio,0.5526,2.4022
Short_Term_Rebound + MA_Short,0.5789,2.4002
Short_Term_Rebound + DMA_Diff,0.5526,2.3988
ADX_5 + BIAS_20,0.5526,2.3937
ADX_5 + ATR_20,0.5526,2.3937
ADX_5 + BIAS_6,0.5526,2.3937
ADX_5 + Short_Term_Rebound,0.5526,2.3937
ADX_5 + BIAS_Short_Col,0.5526,2.3937
ADX_5 + Vol_Spike,0.5526,2.3937
ADX_5 + Vol_Ratio,0.5526,2.3937
ADX_5 + Vol_MA6,0.5526,2.3937
ADX_5 + Bullish_Align,0.5526,2.3937
ADX_5 + Golden_Cross,0.5526,2.3937
ADX_5 + Strong_Trend,0.5526,2.3937
ADX_5 + DMA_Diff,0.5526,2.3937
ADX_5 + MA_60,0.5526,2.3937
ADX_5 + Bias_Divergence,0.5526,2.3937
ADX_5 + Bias_Ratio,0.5526,2.3937
ADX_5 + MA20,0.5526,2.3937
ADX_5 + High_120,0.5526,2.3937
ADX_5 + MA200,0.5526,2.3937
ADX_5 + DMA_Momentum_Up,0.5526,2.3937
ADX_5 + V_MA20,0.5526,2.3937
ADX_5 + MA_Short,0.5526,2.3937
ADX_5 + MA_Long,0.5526,2.3937
ADX_5 + DMA_Bullish,0.5526,2.3937
ADX_5 + DMA_Death_Cross,0.5526,2.3937
ADX_5 + DMA_Golden_Cross,0.5526,2.3937
ADX_5 + AMA,0.5526,2.3937
ADX_5 + DMA,0.5526,2.3937
MACD_Momentum_Up + Lower_Band,0.6053,2.3875
Bullish_Align + DMA_Death_Cross,0.5526,2.3712
MACD_Bullish_Zone + High_120,0.6316,2.3645
MACD_Bearish_Strong + Strong_Trend,0.5789,2.3574
MACD_Momentum_Down + V_MA20,0.6053,2.3519
KDJ_J + DMA_Momentum_Up,0.5526,2.3484
KDJ_J + DMA,0.5526,2.3484
KDJ_J + AMA,0.5526,2.3484
KDJ_J + DMA_Golden_Cross,0.5526,2.3484
KDJ_J + DMA_Death_Cross,0.5526,2.3484
KDJ_J + DMA_Bullish,0.5526,2.3484
KDJ_J + DMA_Diff,0.5526,2.3484
KDJ_J + V_MA20,0.5526,2.3484
KDJ_J + MA200,0.5526,2.3484
KDJ_J + High_120,0.5526,2.3484
KDJ_J + MA20,0.5526,2.3484
KDJ_J + Bias_Ratio,0.5526,2.3484
KDJ_J + MA_60,0.5526,2.3484
KDJ_J + ATR_20,0.5526,2.3484
KDJ_J + MA_Short,0.5526,2.3484
KDJ_J + MA_Long,0.5526,2.3484
KDJ_J + Bullish_Align,0.5526,2.3484
KDJ_J + Golden_Cross,0.5526,2.3484
KDJ_J + Vol_MA6,0.5526,2.3484
KDJ_J + OBV,0.5526,2.3484
KDJ_J + Bias_Divergence,0.5526,2.3484
KDJ_J + OBV_MA,0.5526,2.3484
KDJ_J + CCI,0.5526,2.3484
KDJ_J + +DI,0.5526,2.3484
KDJ_J + -DI,0.5526,2.3484
KDJ_J + ADX,0.5526,2.3484
KDJ_J + ADX_5,0.5526,2.3484
KDJ_J + Vol_Ratio,0.5526,2.3484
KDJ_J + Vol_Spike,0.5526,2.3484
KDJ_J + BIAS_Short_Col,0.5526,2.3484
KDJ_J + BIAS_6,0.5526,2.3484
KDJ_J + BIAS_20,0.5526,2.3484
KDJ_J + Short_Term_Rebound,0.5526,2.3484
KDJ_J + Strong_Trend,0.5526,2.3484
MACD_Golden_Cross + AMA,0.5789,2.3409
DMA_Bullish + V_MA20,0.6053,2.335
MACD_Momentum_Down + DMA_Bullish,0.5789,2.3343
DMA_Momentum_Up + ATR_20,0.5526,2.3338
MACD_Bearish_Zone + BIAS_Short_Col,0.6053,2.3286
MACD_Momentum_Down + Bias_Ratio,0.6053,2.325
MACD_Momentum_Up + DMA_Momentum_Up,0.6053,2.3212
MACD_Bearish_Zone + Short_Term_Rebound,0.5526,2.3146
MACD_Bullish_Zone + DMA_Golden_Cross,0.6579,2.3136
MACD_Bullish_Strong + Vol_MA6,0.5526,2.3135
MACD_Bullish_Zone + Bullish_Align,0.5526,2.2997
Strong_Trend + MA_Short,0.6053,2.2936
MACD_Momentum_Down + KDJ_D,0.6316,2.292
MACD_Momentum_Down + BOLL,0.5526,2.2882
MACD_Bullish_Strong + ADX,0.5526,2.2862
MACD_Momentum_Up + BOLL,0.6053,2.2857
MA200 + High_120,0.5526,2.2707
MA200 + MA20,0.5526,2.2707
MA200 + MA_60,0.5526,2.2707
MA200 + Bias_Ratio,0.5526,2.2707
MA200 + V_MA20,0.5526,2.2707
MA200 + ATR_20,0.5526,2.2707
MACD_Death_Cross + MACD_Bullish_Zone,0.5526,2.2653
DEMA_10 + V_MA20,0.5789,2.2596
DEMA_10 + ATR_20,0.5789,2.2596
DEMA_10 + MA20,0.5789,2.2596
DEMA_10 + MA_60,0.5789,2.2596
DEMA_10 + OBV_MA,0.5789,2.2596
DEMA_10 + BIAS_6,0.5789,2.2596
DEMA_10 + CCI,0.5789,2.2596
DEMA_10 + High_120,0.5789,2.2596
DEMA_10 + DMA_Momentum_Up,0.5789,2.2596
DEMA_10 + DMA_Diff,0.5789,2.2596
DEMA_10 + DMA_Bullish,0.5789,2.2596
DEMA_10 + DMA_Death_Cross,0.5789,2.2596
DEMA_10 + DMA_Golden_Cross,0.5789,2.2596
DEMA_10 + AMA,0.5789,2.2596
DEMA_10 + DMA,0.5789,2.2596
DEMA_10 + MA_Long,0.5789,2.2596
DEMA_10 + MA200,0.5789,2.2596
DEMA_10 + MA_Short,0.5789,2.2596
DEMA_10 + Golden_Cross,0.5789,2.2596
DEMA_10 + Bias_Divergence,0.5789,2.2596
DEMA_10 + +DI,0.5789,2.2596
DEMA_10 + Strong_Trend,0.5789,2.2596
DEMA_10 + Short_Term_Rebound,0.5789,2.2596
DEMA_10 + Bullish_Align,0.5789,2.2596
DEMA_10 + BIAS_20,0.5789,2.2596
DEMA_10 + BIAS_Short_Col,0.5789,2.2596
DEMA_10 + Vol_Spike,0.5789,2.2596
DEMA_10 + Vol_Ratio,0.5789,2.2596
DEMA_10 + Vol_MA6,0.5789,2.2596
DEMA_10 + ADX_5,0.5789,2.2596
DEMA_10 + ADX,0.5789,2.2596
DEMA_10 + -DI,0.5789,2.2596
DEMA_10 + Bias_Ratio,0.5789,2.2596
DEMA_10 + KAMA_20,0.5789,2.2596
DEMA_10 + OBV,0.5789,2.2596
DEMA_10 + KDJ_J,0.5789,2.2596
DEMA_10 + MACD_Hist,0.5789,2.2596
DEMA_10 + MACD_Signal,0.5789,2.2596
DEMA_10 + MACD,0.5789,2.2596
DEMA_10 + DEA,0.5789,2.2596
DEMA_10 + DIF,0.5789,2.2596
DEMA_10 + WMA_6,0.5789,2.2596
DEMA_10 + SMMA_20,0.5789,2.2596
DEMA_10 + DEMA_20,0.5789,2.2596
DEMA_10 + HMA_20,0.5789,2.2596
DEMA_10 + SMA_20,0.5789,2.2596
DEMA_10 + WMA_20,0.5789,2.2596
DEMA_10 + EMA_20,0.5789,2.2596
DEMA_10 + MA_20,0.5789,2.2596
DEMA_10 + SMMA_10,0.5789,2.2596
DEMA_10 + KAMA_10,0.5789,2.2596
DEMA_10 + MACD_OSC,0.5789,2.2596
DEMA_10 + MACD_Golden_Cross,0.5789,2.2596
DEMA_10 + MACD_Death_Cross,0.5789,2.2596
DEMA_10 + RSI,0.5789,2.2596
DEMA_10 + KDJ_D,0.5789,2.2596
DEMA_10 + KDJ_K,0.5789,2.2596
DEMA_10 + Williams,0.5789,2.2596
DEMA_10 + BOLL,0.5789,2.2596
DEMA_10 + Lower_Band,0.5789,2.2596
DEMA_10 + Upper_Band,0.5789,2.2596
DEMA_10 + SMA,0.5789,2.2596
DEMA_10 + MACD_Momentum_Ratio,0.5789,2.2596
DEMA_10 + MACD_Bullish_Zone,0.5789,2.2596
DEMA_10 + MACD_Bearish_Strong,0.5789,2.2596
DEMA_10 + MACD_Bullish_Strong,0.5789,2.2596
DEMA_10 + MACD_Momentum_Down,0.5789,2.2596
DEMA_10 + MACD_Momentum_Up,0.5789,2.2596
DEMA_10 + MACD_Diff,0.5789,2.2596
DEMA_10 + MACD_Bearish_Zone,0.5789,2.2596
MACD_Golden_Cross + Bias_Divergence,0.6053,2.2546
MACD_Golden_Cross + Bias_Ratio,0.6579,2.2496
MACD_Bearish_Zone + MACD_Momentum_Up,0.6316,2.244
High_120 + MA20,0.5789,2.2381
MACD_Momentum_Down + +DI,0.6316,2.2214
High_120 + MA_60,0.6053,2.2032
Bias_Divergence + AMA,0.5789,2.2009
MACD_Death_Cross + SMA,0.5526,2.192
MACD_Momentum_Down + DMA_Momentum_Up,0.5789,2.1845
MACD_Momentum_Up + MA200,0.6053,2.1776
MACD_Bullish_Strong + Short_Term_Rebound,0.6053,2.1755
KAMA_5 + ADX_5,0.5789,2.1736
KAMA_5 + Bullish_Align,0.5789,2.1736
KAMA_5 + BIAS_20,0.5789,2.1736
KAMA_5 + BIAS_6,0.5789,2.1736
KAMA_5 + BIAS_Short_Col,0.5789,2.1736
KAMA_5 + Vol_Spike,0.5789,2.1736
KAMA_5 + Vol_Ratio,0.5789,2.1736
KAMA_5 + Vol_MA6,0.5789,2.1736
KAMA_5 + CCI,0.5789,2.1736
KAMA_5 + ADX,0.5789,2.1736
KAMA_5 + -DI,0.5789,2.1736
KAMA_5 + +DI,0.5789,2.1736
KAMA_5 + Strong_Trend,0.5789,2.1736
KAMA_5 + OBV_MA,0.5789,2.1736
KAMA_5 + OBV,0.5789,2.1736
KAMA_5 + KDJ_J,0.5789,2.1736
KAMA_5 + KDJ_D,0.5789,2.1736
KAMA_5 + KDJ_K,0.5789,2.1736
KAMA_5 + Short_Term_Rebound,0.5789,2.1736
KAMA_5 + MA_Long,0.5789,2.1736
KAMA_5 + Bias_Divergence,0.5789,2.1736
KAMA_5 + MA200,0.5789,2.1736
KAMA_5 + BOLL,0.5789,2.1736
KAMA_5 + ATR_20,0.5789,2.1736
KAMA_5 + MA_60,0.5789,2.1736
KAMA_5 + V_MA20,0.5789,2.1736
KAMA_5 + Bias_Ratio,0.5789,2.1736
KAMA_5 + MA20,0.5789,2.1736
KAMA_5 + High_120,0.5789,2.1736
KAMA_5 + DMA_Momentum_Up,0.5789,2.1736
KAMA_5 + Golden_Cross,0.5789,2.1736
KAMA_5 + DMA_Diff,0.5789,2.1736
KAMA_5 + DMA_Bullish,0.5789,2.1736
KAMA_5 + DMA_Death_Cross,0.5789,2.1736
KAMA_5 + DMA_Golden_Cross,0.5789,2.1736
KAMA_5 + AMA,0.5789,2.1736
KAMA_5 + DMA,0.5789,2.1736
KAMA_5 + MA_Short,0.5789,2.1736
KAMA_5 + Williams,0.5789,2.1736
KAMA_5 + MACD_OSC,0.5789,2.1736
KAMA_5 + Lower_Band,0.5789,2.1736
KAMA_5 + SMMA_10,0.5789,2.1736
KAMA_5 + KAMA_20,0.5789,2.1736
KAMA_5 + DEMA_20,0.5789,2.1736
KAMA_5 + HMA_20,0.5789,2.1736
KAMA_5 + SMA_20,0.5789,2.1736
KAMA_5 + WMA_20,0.5789,2.1736
KAMA_5 + EMA_20,0.5789,2.1736
KAMA_5 + MA_20,0.5789,2.1736
KAMA_5 + KAMA_10,0.5789,2.1736
KAMA_5 + WMA_6,0.5789,2.1736
KAMA_5 + HMA_10,0.5789,2.1736
KAMA_5 + SMA_10,0.5789,2.1736
KAMA_5 + WMA_10,0.5789,2.1736
KAMA_5 + EMA_10,0.5789,2.1736
KAMA_5 + MA_10,0.5789,2.1736
KAMA_5 + SMMA_5,0.5789,2.1736
KAMA_5 + Upper_Band,0.5789,2.1736
KAMA_5 + SMMA_20,0.5789,2.1736
KAMA_5 + DEMA_10,0.5789,2.1736
KAMA_5 + DIF,0.5789,2.1736
KAMA_5 + MACD_Diff,0.5789,2.1736
KAMA_5 + SMA,0.5789,2.1736
KAMA_5 + DEA,0.5789,2.1736
KAMA_5 + RSI,0.5789,2.1736
KAMA_5 + MACD_Bearish_Strong,0.5789,2.1736
KAMA_5 + MACD_Bullish_Strong,0.5789,2.1736
KAMA_5 + MACD_Momentum_Down,0.5789,2.1736
KAMA_5 + MACD_Momentum_Up,0.5789,2.1736
KAMA_5 + MACD_Momentum_Ratio,0.5789,2.1736
KAMA_5 + MACD_Bearish_Zone,0.5789,2.1736
KAMA_5 + MACD_Golden_Cross,0.5789,2.1736
KAMA_5 + MACD,0.5789,2.1736
KAMA_5 + MACD_Hist,0.5789,2.1736
KAMA_5 + MACD_Signal,0.5789,2.1736
KAMA_5 + MACD_Death_Cross,0.5789,2.1736
KAMA_5 + MACD_Bullish_Zone,0.5789,2.1736
DMA_Bullish + MA20,0.6053,2.1588
MACD_Bullish_Strong + BIAS_Short_Col,0.5789,2.1528
MACD_Bullish_Strong + -DI,0.5789,2.1463
High_120 + ATR_20,0.5789,2.1328
DMA_Momentum_Up + High_120,0.5526,2.1305
V_MA20 + ATR_20,0.5526,2.1301
V_MA20 + MA_60,0.5526,2.1301
SMMA_20 + Vol_MA6,0.5789,2.1248
SMMA_20 + Strong_Trend,0.5789,2.1248
SMMA_20 + Bullish_Align,0.5789,2.1248
SMMA_20 + BIAS_20,0.5789,2.1248
SMMA_20 + Vol_Ratio,0.5789,2.1248
SMMA_20 + BIAS_6,0.5789,2.1248
SMMA_20 + BIAS_Short_Col,0.5789,2.1248
SMMA_20 + Vol_Spike,0.5789,2.1248
SMMA_20 + Short_Term_Rebound,0.5789,2.1248
SMMA_20 + MA_Long,0.5789,2.1248
SMMA_20 + Bias_Divergence,0.5789,2.1248
SMMA_20 + Golden_Cross,0.5789,2.1248
SMMA_20 + MA_Short,0.5789,2.1248
SMMA_20 + DMA,0.5789,2.1248
SMMA_20 + AMA,0.5789,2.1248
SMMA_20 + DMA_Golden_Cross,0.5789,2.1248
SMMA_20 + ADX,0.5789,2.1248
SMMA_20 + DMA_Death_Cross,0.5789,2.1248
SMMA_20 + ADX_5,0.5789,2.1248
SMMA_20 + MACD_Bullish_Strong,0.5789,2.1248
SMMA_20 + -DI,0.5789,2.1248
SMMA_20 + RSI,0.5789,2.1248
SMMA_20 + MACD_Golden_Cross,0.5789,2.1248
SMMA_20 + MACD_Death_Cross,0.5789,2.1248
SMMA_20 + MACD_Bullish_Zone,0.5789,2.1248
SMMA_20 + MACD_Bearish_Zone,0.5789,2.1248
SMMA_20 + MACD_Diff,0.5789,2.1248
SMMA_20 + MACD_Momentum_Up,0.5789,2.1248
SMMA_20 + MACD_Momentum_Down,0.5789,2.1248
SMMA_20 + ATR_20,0.5789,2.1248
SMMA_20 + MACD_Bearish_Strong,0.5789,2.1248
SMMA_20 + MACD_Momentum_Ratio,0.5789,2.1248
SMMA_20 + SMA,0.5789,2.1248
SMMA_20 + +DI,0.5789,2.1248
SMMA_20 + Upper_Band,0.5789,2.1248
SMMA_20 + Lower_Band,0.5789,2.1248
SMMA_20 + BOLL,0.5789,2.1248
SMMA_20 + Williams,0.5789,2.1248
SMMA_20 + KDJ_K,0.5789,2.1248
SMMA_20 + KDJ_D,0.5789,2.1248
SMMA_20 + KDJ_J,0.5789,2.1248
SMMA_20 + OBV,0.5789,2.1248
SMMA_20 + OBV_MA,0.5789,2.1248
SMMA_20 + CCI,0.5789,2.1248
SMMA_20 + DMA_Bullish,0.5789,2.1248
EMA_20 + WMA_20,0.5789,2.1248
SMMA_20 + MA_60,0.5789,2.1248
SMMA_20 + V_MA20,0.5789,2.1248
EMA_20 + MACD_OSC,0.5789,2.1248
EMA_20 + MACD_Golden_Cross,0.5789,2.1248
EMA_20 + MACD_Death_Cross,0.5789,2.1248
EMA_20 + MACD_Bullish_Zone,0.5789,2.1248
EMA_20 + MACD_Bearish_Zone,0.5789,2.1248
EMA_20 + MACD_Diff,0.5789,2.1248
EMA_20 + MACD_Momentum_Up,0.5789,2.1248
EMA_20 + MACD_Momentum_Down,0.5789,2.1248
EMA_20 + MACD_Bullish_Strong,0.5789,2.1248
EMA_20 + MACD_Bearish_Strong,0.5789,2.1248
EMA_20 + MACD_Momentum_Ratio,0.5789,2.1248
EMA_20 + RSI,0.5789,2.1248
EMA_20 + SMA,0.5789,2.1248
EMA_20 + Upper_Band,0.5789,2.1248
EMA_20 + Lower_Band,0.5789,2.1248
EMA_20 + BOLL,0.5789,2.1248
EMA_20 + Williams,0.5789,2.1248
EMA_20 + KDJ_K,0.5789,2.1248
EMA_20 + KDJ_D,0.5789,2.1248
EMA_20 + KDJ_J,0.5789,2.1248
EMA_20 + OBV,0.5789,2.1248
EMA_20 + MACD_Hist,0.5789,2.1248
EMA_20 + MACD_Signal,0.5789,2.1248
EMA_20 + MACD,0.5789,2.1248
EMA_20 + ADX,0.5789,2.1248
SMMA_20 + DMA_Diff,0.5789,2.1248
SMMA_20 + DMA_Momentum_Up,0.5789,2.1248
SMMA_20 + MA200,0.5789,2.1248
SMMA_20 + High_120,0.5789,2.1248
SMMA_20 + MA20,0.5789,2.1248
SMMA_20 + Bias_Ratio,0.5789,2.1248
EMA_20 + Vol_Ratio,0.5789,2.1248
EMA_20 + Vol_MA6,0.5789,2.1248
EMA_20 + ADX_5,0.5789,2.1248
EMA_20 + -DI,0.5789,2.1248
EMA_20 + DEA,0.5789,2.1248
EMA_20 + +DI,0.5789,2.1248
SMMA_20 + MACD_Hist,0.5789,2.1248
EMA_20 + SMA_20,0.5789,2.1248
EMA_20 + HMA_20,0.5789,2.1248
EMA_20 + DEMA_20,0.5789,2.1248
EMA_20 + KAMA_20,0.5789,2.1248
EMA_20 + SMMA_20,0.5789,2.1248
EMA_20 + WMA_6,0.5789,2.1248
EMA_20 + DIF,0.5789,2.1248
SMMA_20 + MACD_OSC,0.5789,2.1248
EMA_20 + OBV_MA,0.5789,2.1248
SMMA_20 + MACD_Signal,0.5789,2.1248
EMA_20 + DMA_Momentum_Up,0.5789,2.1248
EMA_20 + MA_Short,0.5789,2.1248
EMA_20 + MA_Long,0.5789,2.1248
EMA_20 + DMA,0.5789,2.1248
EMA_20 + AMA,0.5789,2.1248
EMA_20 + DMA_Golden_Cross,0.5789,2.1248
EMA_20 + DMA_Bullish,0.5789,2.1248
EMA_20 + DMA_Diff,0.5789,2.1248
EMA_20 + MA200,0.5789,2.1248
EMA_20 + Bias_Divergence,0.5789,2.1248
EMA_20 + High_120,0.5789,2.1248
EMA_20 + MA20,0.5789,2.1248
EMA_20 + Bias_Ratio,0.5789,2.1248
EMA_20 + V_MA20,0.5789,2.1248
EMA_20 + MA_60,0.5789,2.1248
EMA_20 + ATR_20,0.5789,2.1248
SMMA_20 + MACD,0.5789,2.1248
EMA_20 + Golden_Cross,0.5789,2.1248
EMA_20 + DMA_Death_Cross,0.5789,2.1248
EMA_20 + Strong_Trend,0.5789,2.1248
EMA_20 + BIAS_Short_Col,0.5789,2.1248
SMMA_20 + DEA,0.5789,2.1248
SMMA_20 + DIF,0.5789,2.1248
EMA_20 + Short_Term_Rebound,0.5789,2.1248
EMA_20 + Vol_Spike,0.5789,2.1248
SMMA_20 + WMA_6,0.5789,2.1248
EMA_20 + BIAS_6,0.5789,2.1248
EMA_20 + BIAS_20,0.5789,2.1248
EMA_20 + Bullish_Align,0.5789,2.1248
EMA_20 + CCI,0.5789,2.1248
MACD_Death_Cross + AMA,0.5526,2.1164
DMA_Golden_Cross + MA200,0.6216,2.1139
MACD_Golden_Cross + DMA_Diff,0.5526,2.1094
HMA_10 + MACD_Bearish_Zone,0.5789,2.1055
HMA_10 + DEA,0.5789,2.1055
HMA_10 + MACD_Bullish_Zone,0.5789,2.1055
HMA_10 + MACD_Death_Cross,0.5789,2.1055
HMA_10 + MACD_Golden_Cross,0.5789,2.1055
HMA_10 + MACD_OSC,0.5789,2.1055
HMA_10 + MACD_Hist,0.5789,2.1055
HMA_10 + MACD_Signal,0.5789,2.1055
HMA_10 + MACD,0.5789,2.1055
HMA_10 + SMMA_20,0.5789,2.1055
HMA_10 + DIF,0.5789,2.1055
HMA_10 + WMA_6,0.5789,2.1055
HMA_10 + KAMA_20,0.5789,2.1055
HMA_10 + DEMA_20,0.5789,2.1055
HMA_10 + WMA_20,0.5789,2.1055
HMA_10 + EMA_20,0.5789,2.1055
HMA_10 + MA_20,0.5789,2.1055
HMA_10 + SMMA_10,0.5789,2.1055
HMA_10 + KAMA_10,0.5789,2.1055
HMA_10 + DEMA_10,0.5789,2.1055
HMA_10 + ATR_20,0.5789,2.1055
HMA_10 + MACD_Bullish_Strong,0.5789,2.1055
HMA_10 + MACD_Diff,0.5789,2.1055
HMA_10 + AMA,0.5789,2.1055
HMA_10 + BIAS_20,0.5789,2.1055
HMA_10 + Bullish_Align,0.5789,2.1055
HMA_10 + Short_Term_Rebound,0.5789,2.1055
HMA_10 + Strong_Trend,0.5789,2.1055
HMA_10 + Bias_Divergence,0.5789,2.1055
HMA_10 + Golden_Cross,0.5789,2.1055
HMA_10 + MA_Short,0.5789,2.1055
HMA_10 + MA_Long,0.5789,2.1055
HMA_10 + DMA,0.5789,2.1055
HMA_10 + DMA_Golden_Cross,0.5789,2.1055
HMA_10 + BIAS_Short_Col,0.5789,2.1055
HMA_10 + DMA_Death_Cross,0.5789,2.1055
HMA_10 + DMA_Diff,0.5789,2.1055
HMA_10 + DMA_Momentum_Up,0.5789,2.1055
HMA_10 + MA200,0.5789,2.1055
HMA_10 + High_120,0.5789,2.1055
HMA_10 + MA20,0.5789,2.1055
HMA_10 + Bias_Ratio,0.5789,2.1055
HMA_10 + V_MA20,0.5789,2.1055
HMA_10 + MA_60,0.5789,2.1055
HMA_10 + BIAS_6,0.5789,2.1055
HMA_10 + Vol_Spike,0.5789,2.1055
HMA_10 + MACD_Momentum_Up,0.5789,2.1055
HMA_10 + KDJ_K,0.5789,2.1055
HMA_10 + MACD_Momentum_Down,0.5789,2.1055
HMA_10 + MACD_Bearish_Strong,0.5789,2.1055
HMA_10 + MACD_Momentum_Ratio,0.5789,2.1055
HMA_10 + RSI,0.5789,2.1055
HMA_10 + SMA,0.5789,2.1055
HMA_10 + Upper_Band,0.5789,2.1055
HMA_10 + Lower_Band,0.5789,2.1055
HMA_10 + BOLL,0.5789,2.1055
HMA_10 + Williams,0.5789,2.1055
HMA_10 + KDJ_D,0.5789,2.1055
HMA_10 + Vol_Ratio,0.5789,2.1055
HMA_10 + KDJ_J,0.5789,2.1055
HMA_10 + OBV,0.5789,2.1055
HMA_10 + OBV_MA,0.5789,2.1055
HMA_10 + CCI,0.5789,2.1055
HMA_10 + +DI,0.5789,2.1055
HMA_10 + -DI,0.5789,2.1055
HMA_10 + ADX,0.5789,2.1055
HMA_10 + ADX_5,0.5789,2.1055
HMA_10 + Vol_MA6,0.5789,2.1055
HMA_10 + DMA_Bullish,0.5789,2.1055
HMA_10 + SMA_20,0.5789,2.1055
HMA_10 + HMA_20,0.5789,2.1055
MACD_Bullish_Zone + DMA_Diff,0.6053,2.1032
HMA_5 + MACD_Death_Cross,0.5789,2.0888
HMA_5 + DIF,0.5789,2.0888
HMA_5 + DEA,0.5789,2.0888
HMA_5 + MACD,0.5789,2.0888
HMA_5 + MACD_Signal,0.5789,2.0888
HMA_5 + MACD_Hist,0.5789,2.0888
HMA_5 + MACD_OSC,0.5789,2.0888
HMA_5 + MACD_Golden_Cross,0.5789,2.0888
HMA_5 + MACD_Bullish_Zone,0.5789,2.0888
HMA_5 + SMMA_20,0.5789,2.0888
HMA_5 + MACD_Bearish_Zone,0.5789,2.0888
HMA_5 + MACD_Diff,0.5789,2.0888
HMA_5 + MACD_Momentum_Up,0.5789,2.0888
HMA_5 + MACD_Momentum_Down,0.5789,2.0888
HMA_5 + MACD_Bullish_Strong,0.5789,2.0888
HMA_5 + MACD_Bearish_Strong,0.5789,2.0888
HMA_5 + MACD_Momentum_Ratio,0.5789,2.0888
HMA_5 + RSI,0.5789,2.0888
HMA_5 + WMA_6,0.5789,2.0888
HMA_5 + KAMA_20,0.5789,2.0888
HMA_5 + Lower_Band,0.5789,2.0888
HMA_5 + HMA_10,0.5789,2.0888
HMA_5 + DEMA_5,0.5789,2.0888
HMA_5 + KAMA_5,0.5789,2.0888
HMA_5 + SMMA_5,0.5789,2.0888
HMA_5 + MA_10,0.5789,2.0888
HMA_5 + EMA_10,0.5789,2.0888
HMA_5 + WMA_10,0.5789,2.0888
HMA_5 + SMA_10,0.5789,2.0888
HMA_5 + DEMA_10,0.5789,2.0888
HMA_5 + DEMA_20,0.5789,2.0888
HMA_5 + KAMA_10,0.5789,2.0888
HMA_5 + SMMA_10,0.5789,2.0888
HMA_5 + MA_20,0.5789,2.0888
HMA_5 + EMA_20,0.5789,2.0888
HMA_5 + WMA_20,0.5789,2.0888
HMA_5 + SMA_20,0.5789,2.0888
HMA_5 + HMA_20,0.5789,2.0888
HMA_5 + SMA,0.5789,2.0888
HMA_5 + Upper_Band,0.5789,2.0888
HMA_5 + Strong_Trend,0.5789,2.0888
HMA_5 + DMA_Death_Cross,0.5789,2.0888
HMA_5 + Bias_Divergence,0.5789,2.0888
HMA_5 + Golden_Cross,0.5789,2.0888
HMA_5 + MA_Short,0.5789,2.0888
HMA_5 + MA_Long,0.5789,2.0888
HMA_5 + DMA,0.5789,2.0888
HMA_5 + AMA,0.5789,2.0888
HMA_5 + DMA_Golden_Cross,0.5789,2.0888
HMA_5 + DMA_Bullish,0.5789,2.0888
HMA_5 + Short_Term_Rebound,0.5789,2.0888
HMA_5 + DMA_Diff,0.5789,2.0888
HMA_5 + DMA_Momentum_Up,0.5789,2.0888
HMA_5 + MA200,0.5789,2.0888
HMA_5 + High_120,0.5789,2.0888
HMA_5 + MA20,0.5789,2.0888
HMA_5 + Bias_Ratio,0.5789,2.0888
HMA_5 + V_MA20,0.5789,2.0888
HMA_5 + BOLL,0.5789,2.0888
HMA_5 + Bullish_Align,0.5789,2.0888
HMA_5 + ATR_20,0.5789,2.0888
HMA_5 + +DI,0.5789,2.0888
HMA_5 + Williams,0.5789,2.0888
HMA_5 + KDJ_K,0.5789,2.0888
HMA_5 + KDJ_D,0.5789,2.0888
HMA_5 + KDJ_J,0.5789,2.0888
HMA_5 + OBV,0.5789,2.0888
HMA_5 + OBV_MA,0.5789,2.0888
HMA_5 + CCI,0.5789,2.0888
HMA_5 + -DI,0.5789,2.0888
HMA_5 + BIAS_20,0.5789,2.0888
HMA_5 + ADX,0.5789,2.0888
HMA_5 + ADX_5,0.5789,2.0888
HMA_5 + Vol_MA6,0.5789,2.0888
HMA_5 + Vol_Ratio,0.5789,2.0888
HMA_5 + Vol_Spike,0.5789,2.0888
HMA_5 + BIAS_Short_Col,0.5789,2.0888
HMA_5 + BIAS_6,0.5789,2.0888
HMA_5 + MA_60,0.5789,2.0888
MACD_Momentum_Up + SMA,0.6316,2.0793
MACD_Momentum_Up + Williams,0.5789,2.0744
MACD_Bullish_Strong + SMA,0.6579,2.0732
MACD_Momentum_Down + MA20,0.6316,2.0693
MACD_Momentum_Down + -DI,0.6053,2.0568
MACD_Death_Cross + MACD_Momentum_Ratio,0.5526,2.0499
MACD_Death_Cross + Bullish_Align,0.5789,2.0494
Bias_Divergence + MA_60,0.6053,2.0444
MACD_Bearish_Zone + MACD_Momentum_Ratio,0.5789,2.0364
Bullish_Align + MA200,0.5526,2.0263
MACD_Momentum_Down + Vol_Spike,0.5526,2.0215
Short_Term_Rebound + DMA,0.5526,2.0214
MACD_Bullish_Strong + MACD_Momentum_Ratio,0.5789,2.018
MACD_Bullish_Zone + Vol_Spike,0.6053,2.0036
MACD_Death_Cross + MACD_Momentum_Up,0.5526,1.9983
DMA_Momentum_Up + MA_60,0.6316,1.9979
Bullish_Align + AMA,0.5789,1.9932
MACD_Golden_Cross + DMA_Momentum_Up,0.5526,1.9796
Vol_Spike + MA_Short,0.6053,1.9712
MACD_Bearish_Zone + Bullish_Align,0.5526,1.9692
MACD_Bullish_Strong + DMA_Diff,0.5526,1.9644
MACD_Bullish_Zone + MA_60,0.5789,1.9603
Golden_Cross + MA20,0.5789,1.9587
MACD_Bullish_Zone + BIAS_6,0.5526,1.9566
MACD_Momentum_Down + DMA_Golden_Cross,0.6053,1.9564
SMMA_10 + Strong_Trend,0.5789,1.9437
SMMA_10 + BIAS_6,0.5789,1.9437
SMMA_10 + Short_Term_Rebound,0.5789,1.9437
SMMA_10 + Bullish_Align,0.5789,1.9437
SMMA_10 + BIAS_20,0.5789,1.9437
SMMA_10 + Golden_Cross,0.5789,1.9437
SMMA_10 + BIAS_Short_Col,0.5789,1.9437
SMMA_10 + Vol_Spike,0.5789,1.9437
SMMA_10 + Vol_Ratio,0.5789,1.9437
SMMA_10 + Vol_MA6,0.5789,1.9437
SMMA_10 + ADX_5,0.5789,1.9437
SMMA_10 + Bias_Divergence,0.5789,1.9437
SMMA_10 + CCI,0.5789,1.9437
SMMA_10 + MA_Short,0.5789,1.9437
SMMA_10 + MA_Long,0.5789,1.9437
SMMA_10 + DMA,0.5789,1.9437
SMMA_10 + AMA,0.5789,1.9437
SMMA_10 + DMA_Golden_Cross,0.5789,1.9437
SMMA_10 + DMA_Death_Cross,0.5789,1.9437
SMMA_10 + DMA_Bullish,0.5789,1.9437
SMMA_10 + DMA_Diff,0.5789,1.9437
SMMA_10 + DMA_Momentum_Up,0.5789,1.9437
SMMA_10 + MA200,0.5789,1.9437
SMMA_10 + High_120,0.5789,1.9437
SMMA_10 + MA20,0.5789,1.9437
SMMA_10 + Bias_Ratio,0.5789,1.9437
SMMA_10 + V_MA20,0.5789,1.9437
SMMA_10 + +DI,0.5789,1.9437
SMMA_10 + MA_20,0.5789,1.9437
SMMA_10 + DEMA_20,0.5789,1.9437
SMMA_10 + EMA_20,0.5789,1.9437
SMMA_10 + WMA_20,0.5789,1.9437
SMMA_10 + MACD_Momentum_Down,0.5789,1.9437
SMMA_10 + MACD_Bullish_Strong,0.5789,1.9437
SMMA_10 + MACD_Bearish_Strong,0.5789,1.9437
SMMA_10 + MACD_Momentum_Ratio,0.5789,1.9437
SMMA_10 + RSI,0.5789,1.9437
SMMA_10 + SMA,0.5789,1.9437
SMMA_10 + Upper_Band,0.5789,1.9437
SMMA_10 + Lower_Band,0.5789,1.9437
SMMA_10 + BOLL,0.5789,1.9437
SMMA_10 + Williams,0.5789,1.9437
SMMA_10 + KDJ_K,0.5789,1.9437
SMMA_10 + KDJ_D,0.5789,1.9437
SMMA_10 + KDJ_J,0.5789,1.9437
SMMA_10 + OBV,0.5789,1.9437
SMMA_10 + OBV_MA,0.5789,1.9437
SMMA_10 + MACD_Momentum_Up,0.5789,1.9437
SMMA_10 + MACD_Diff,0.5789,1.9437
SMMA_10 + MACD_Bearish_Zone,0.5789,1.9437
SMMA_10 + DIF,0.5789,1.9437
SMMA_10 + SMA_20,0.5789,1.9437
SMMA_10 + HMA_20,0.5789,1.9437
SMMA_10 + MA_60,0.5789,1.9437
SMMA_10 + KAMA_20,0.5789,1.9437
SMMA_10 + SMMA_20,0.5789,1.9437
SMMA_10 + WMA_6,0.5789,1.9437
SMMA_10 + DEA,0.5789,1.9437
SMMA_10 + MACD_Bullish_Zone,0.5789,1.9437
SMMA_10 + MACD,0.5789,1.9437
SMMA_10 + MACD_Signal,0.5789,1.9437
SMMA_10 + MACD_Hist,0.5789,1.9437
SMMA_10 + MACD_OSC,0.5789,1.9437
SMMA_10 + MACD_Golden_Cross,0.5789,1.9437
SMMA_10 + MACD_Death_Cross,0.5789,1.9437
SMMA_10 + ATR_20,0.5789,1.9437
SMMA_10 + -DI,0.5789,1.9437
EMA_10 + Short_Term_Rebound,0.5789,1.9437
EMA_10 + -DI,0.5789,1.9437
EMA_10 + BIAS_6,0.5789,1.9437
EMA_10 + BIAS_Short_Col,0.5789,1.9437
EMA_10 + Vol_Spike,0.5789,1.9437
EMA_10 + Vol_Ratio,0.5789,1.9437
EMA_10 + Vol_MA6,0.5789,1.9437
EMA_10 + ADX_5,0.5789,1.9437
EMA_10 + ADX,0.5789,1.9437
EMA_10 + +DI,0.5789,1.9437
EMA_10 + Bullish_Align,0.5789,1.9437
EMA_10 + CCI,0.5789,1.9437
EMA_10 + OBV_MA,0.5789,1.9437
EMA_10 + OBV,0.5789,1.9437
EMA_10 + KDJ_J,0.5789,1.9437
EMA_10 + KDJ_D,0.5789,1.9437
EMA_10 + KDJ_K,0.5789,1.9437
EMA_10 + Williams,0.5789,1.9437
EMA_10 + BIAS_20,0.5789,1.9437
EMA_10 + High_120,0.5789,1.9437
EMA_10 + Lower_Band,0.5789,1.9437
EMA_10 + DMA_Death_Cross,0.5789,1.9437
EMA_10 + MA20,0.5789,1.9437
EMA_10 + Bias_Ratio,0.5789,1.9437
EMA_10 + V_MA20,0.5789,1.9437
EMA_10 + MA_60,0.5789,1.9437
EMA_10 + DMA_Momentum_Up,0.5789,1.9437
EMA_10 + DMA_Diff,0.5789,1.9437
EMA_10 + DMA_Bullish,0.5789,1.9437
EMA_10 + DMA_Golden_Cross,0.5789,1.9437
EMA_10 + Strong_Trend,0.5789,1.9437
EMA_10 + AMA,0.5789,1.9437
EMA_10 + DMA,0.5789,1.9437
EMA_10 + MA_Long,0.5789,1.9437
EMA_10 + MA_Short,0.5789,1.9437
EMA_10 + Golden_Cross,0.5789,1.9437
EMA_10 + Bias_Divergence,0.5789,1.9437
EMA_10 + ATR_20,0.5789,1.9437
EMA_10 + BOLL,0.5789,1.9437
EMA_10 + MA200,0.5789,1.9437
EMA_10 + Upper_Band,0.5789,1.9437
EMA_10 + DIF,0.5789,1.9437
EMA_10 + SMMA_20,0.5789,1.9437
EMA_10 + KAMA_20,0.5789,1.9437
EMA_10 + DEMA_20,0.5789,1.9437
EMA_10 + HMA_20,0.5789,1.9437
EMA_10 + SMA_20,0.5789,1.9437
EMA_10 + WMA_20,0.5789,1.9437
EMA_10 + MA_20,0.5789,1.9437
EMA_10 + SMMA_10,0.5789,1.9437
SMMA_10 + ADX,0.5789,1.9437
EMA_10 + WMA_10,0.5789,1.9437
EMA_10 + SMA_10,0.5789,1.9437
EMA_10 + HMA_10,0.5789,1.9437
EMA_10 + DEMA_10,0.5789,1.9437
EMA_10 + SMA,0.5789,1.9437
EMA_10 + KAMA_10,0.5789,1.9437
EMA_10 + WMA_6,0.5789,1.9437
EMA_10 + EMA_20,0.5789,1.9437
EMA_10 + DEA,0.5789,1.9437
EMA_10 + MACD_Bearish_Zone,0.5789,1.9437
EMA_10 + RSI,0.5789,1.9437
EMA_10 + MACD,0.5789,1.9437
EMA_10 + MACD_Bearish_Strong,0.5789,1.9437
EMA_10 + MACD_Bullish_Strong,0.5789,1.9437
EMA_10 + MACD_Momentum_Down,0.5789,1.9437
EMA_10 + MACD_Momentum_Up,0.5789,1.9437
EMA_10 + MACD_Momentum_Ratio,0.5789,1.9437
EMA_10 + MACD_Diff,0.5789,1.9437
EMA_10 + MACD_Bullish_Zone,0.5789,1.9437
EMA_10 + MACD_Death_Cross,0.5789,1.9437
EMA_10 + MACD_Golden_Cross,0.5789,1.9437
EMA_10 + MACD_OSC,0.5789,1.9437
EMA_10 + MACD_Hist,0.5789,1.9437
EMA_10 + MACD_Signal,0.5789,1.9437
Vol_Ratio + Vol_Spike,0.5789,1.9404
Vol_Ratio + BIAS_6,0.5789,1.9404
Vol_Ratio + Short_Term_Rebound,0.5789,1.9404
Vol_Ratio + Strong_Trend,0.5789,1.9404
Vol_Ratio + DMA_Diff,0.5789,1.9404
Vol_Ratio + Golden_Cross,0.5789,1.9404
Vol_Ratio + MA_Long,0.5789,1.9404
Vol_Ratio + DMA_Death_Cross,0.5789,1.9404
Vol_Ratio + V_MA20,0.5789,1.9404
High_120 + V_MA20,0.5526,1.9348
+DI + MA200,0.5526,1.9262
+DI + ATR_20,0.5526,1.9262
+DI + MA_60,0.5526,1.9262
+DI + V_MA20,0.5526,1.9262
+DI + Bias_Ratio,0.5526,1.9262
+DI + MA20,0.5526,1.9262
+DI + High_120,0.5526,1.9262
+DI + Strong_Trend,0.5526,1.9262
+DI + DMA_Momentum_Up,0.5526,1.9262
+DI + Bullish_Align,0.5526,1.9262
+DI + -DI,0.5526,1.9262
+DI + ADX,0.5526,1.9262
+DI + ADX_5,0.5526,1.9262
+DI + Vol_MA6,0.5526,1.9262
+DI + Vol_Ratio,0.5526,1.9262
+DI + Vol_Spike,0.5526,1.9262
+DI + BIAS_Short_Col,0.5526,1.9262
+DI + DMA_Diff,0.5526,1.9262
+DI + BIAS_20,0.5526,1.9262
+DI + BIAS_6,0.5526,1.9262
+DI + Short_Term_Rebound,0.5526,1.9262
+DI + Bias_Divergence,0.5526,1.9262
+DI + Golden_Cross,0.5526,1.9262
+DI + MA_Short,0.5526,1.9262
+DI + MA_Long,0.5526,1.9262
+DI + DMA,0.5526,1.9262
+DI + AMA,0.5526,1.9262
+DI + DMA_Golden_Cross,0.5526,1.9262
+DI + DMA_Death_Cross,0.5526,1.9262
+DI + DMA_Bullish,0.5526,1.9262
MACD_Bullish_Zone + OBV,0.5526,1.9146
DMA_Golden_Cross + DMA_Bullish,0.6053,1.9122
MACD_Bearish_Zone + DMA,0.5526,1.8975
Bias_Divergence + MA_Long,0.5526,1.896
Strong_Trend + DMA_Death_Cross,0.5526,1.8927
MACD_Bullish_Zone + ADX_5,0.5526,1.891
HMA_20 + DEMA_20,0.5526,1.8868
HMA_20 + MACD_Bullish_Strong,0.5526,1.8868
HMA_20 + KDJ_J,0.5526,1.8868
HMA_20 + SMA,0.5526,1.8868
HMA_20 + Upper_Band,0.5526,1.8868
HMA_20 + Lower_Band,0.5526,1.8868
HMA_20 + BOLL,0.5526,1.8868
HMA_20 + Williams,0.5526,1.8868
HMA_20 + KDJ_K,0.5526,1.8868
HMA_20 + KDJ_D,0.5526,1.8868
HMA_20 + OBV,0.5526,1.8868
HMA_20 + Vol_Spike,0.5526,1.8868
HMA_20 + OBV_MA,0.5526,1.8868
HMA_20 + CCI,0.5526,1.8868
HMA_20 + +DI,0.5526,1.8868
HMA_20 + -DI,0.5526,1.8868
HMA_20 + ADX,0.5526,1.8868
HMA_20 + ADX_5,0.5526,1.8868
HMA_20 + Vol_MA6,0.5526,1.8868
HMA_20 + RSI,0.5526,1.8868
HMA_20 + MACD_Momentum_Ratio,0.5526,1.8868
HMA_20 + MACD_Bearish_Strong,0.5526,1.8868
HMA_20 + KAMA_20,0.5526,1.8868
HMA_20 + SMMA_20,0.5526,1.8868
HMA_20 + WMA_6,0.5526,1.8868
HMA_20 + DIF,0.5526,1.8868
HMA_20 + DEA,0.5526,1.8868
HMA_20 + MACD,0.5526,1.8868
HMA_20 + MACD_Signal,0.5526,1.8868
HMA_20 + MACD_Hist,0.5526,1.8868
HMA_20 + MACD_OSC,0.5526,1.8868
HMA_20 + MACD_Golden_Cross,0.5526,1.8868
HMA_20 + MACD_Death_Cross,0.5526,1.8868
HMA_20 + MACD_Bullish_Zone,0.5526,1.8868
HMA_20 + MACD_Bearish_Zone,0.5526,1.8868
HMA_20 + MACD_Diff,0.5526,1.8868
HMA_20 + MACD_Momentum_Up,0.5526,1.8868
HMA_20 + MACD_Momentum_Down,0.5526,1.8868
HMA_20 + Vol_Ratio,0.5526,1.8868
HMA_20 + DMA_Diff,0.5526,1.8868
HMA_20 + BIAS_Short_Col,0.5526,1.8868
HMA_20 + DMA_Golden_Cross,0.5526,1.8868
HMA_20 + MA_60,0.5526,1.8868
HMA_20 + V_MA20,0.5526,1.8868
HMA_20 + Bias_Ratio,0.5526,1.8868
HMA_20 + MA20,0.5526,1.8868
HMA_20 + High_120,0.5526,1.8868
HMA_20 + MA200,0.5526,1.8868
HMA_20 + DMA_Momentum_Up,0.5526,1.8868
HMA_20 + DMA_Bullish,0.5526,1.8868
HMA_20 + DMA_Death_Cross,0.5526,1.8868
HMA_20 + AMA,0.5526,1.8868
HMA_20 + BIAS_6,0.5526,1.8868
HMA_20 + DMA,0.5526,1.8868
HMA_20 + MA_Long,0.5526,1.8868
HMA_20 + MA_Short,0.5526,1.8868
HMA_20 + Golden_Cross,0.5526,1.8868
HMA_20 + Bias_Divergence,0.5526,1.8868
HMA_20 + Strong_Trend,0.5526,1.8868
HMA_20 + Short_Term_Rebound,0.5526,1.8868
HMA_20 + Bullish_Align,0.5526,1.8868
HMA_20 + BIAS_20,0.5526,1.8868
HMA_20 + ATR_20,0.5526,1.8868
Vol_Spike + BIAS_20,0.6053,1.8809
MACD_Golden_Cross + Vol_Spike,0.5789,1.8804
Upper_Band + Lower_Band,0.5526,1.8731
Upper_Band + BOLL,0.5526,1.8731
Upper_Band + BIAS_20,0.5526,1.8731
Upper_Band + BIAS_6,0.5526,1.8731
Upper_Band + BIAS_Short_Col,0.5526,1.8731
Upper_Band + Vol_Spike,0.5526,1.8731
Upper_Band + Short_Term_Rebound,0.5526,1.8731
Upper_Band + Vol_Ratio,0.5526,1.8731
Upper_Band + Vol_MA6,0.5526,1.8731
Upper_Band + ADX_5,0.5526,1.8731
Upper_Band + ADX,0.5526,1.8731
Upper_Band + -DI,0.5526,1.8731
Upper_Band + +DI,0.5526,1.8731
Upper_Band + CCI,0.5526,1.8731
Upper_Band + OBV_MA,0.5526,1.8731
Upper_Band + OBV,0.5526,1.8731
Upper_Band + KDJ_J,0.5526,1.8731
Upper_Band + KDJ_D,0.5526,1.8731
Upper_Band + KDJ_K,0.5526,1.8731
Upper_Band + Williams,0.5526,1.8731
Upper_Band + Bullish_Align,0.5526,1.8731
Upper_Band + DMA,0.5526,1.8731
Upper_Band + Strong_Trend,0.5526,1.8731
Upper_Band + DMA_Diff,0.5526,1.8731
Upper_Band + V_MA20,0.5526,1.8731
Upper_Band + MA_60,0.5526,1.8731
Upper_Band + ATR_20,0.5526,1.8731
Upper_Band + Bias_Divergence,0.5526,1.8731
Upper_Band + High_120,0.5526,1.8731
Upper_Band + MA20,0.5526,1.8731
Upper_Band + DMA_Momentum_Up,0.5526,1.8731
Upper_Band + MA200,0.5526,1.8731
Upper_Band + DMA_Bullish,0.5526,1.8731
Upper_Band + DMA_Death_Cross,0.5526,1.8731
Upper_Band + DMA_Golden_Cross,0.5526,1.8731
Upper_Band + AMA,0.5526,1.8731
Upper_Band + MA_Long,0.5526,1.8731
Upper_Band + MA_Short,0.5526,1.8731
Upper_Band + Golden_Cross,0.5526,1.8731
Upper_Band + Bias_Ratio,0.5526,1.8731
MACD_Bearish_Strong + MA_Long,0.5789,1.8679
MACD_Momentum_Down + MA_60,0.5789,1.8674
MACD_Bearish_Zone + DMA_Golden_Cross,0.5789,1.8504
MACD_Bearish_Zone + OBV,0.6053,1.8492
Vol_Ratio + Bias_Ratio,0.5789,1.8464
Vol_Ratio + ATR_20,0.5789,1.8464
Vol_Ratio + BIAS_20,0.5789,1.8464
Vol_Ratio + DMA_Golden_Cross,0.5789,1.8464
Vol_Ratio + MA20,0.5789,1.8464
MACD_Bearish_Strong + Upper_Band,0.5789,1.8377
Bias_Divergence + Bias_Ratio,0.5789,1.8366
MACD_Bearish_Zone + Williams,0.5526,1.8239
MACD_Bullish_Zone + Upper_Band,0.6316,1.8239
Bias_Divergence + MA_Short,0.5789,1.823
MACD_Bearish_Strong + BIAS_20,0.5526,1.8168
Prev_Close + Change,0.5526,1.8129
Prev_Close + DMA_Golden_Cross,0.5526,1.8129
Prev_Close + BIAS_Short_Col,0.5526,1.8129
Prev_Close + Vol_Ratio,0.5526,1.8129
Prev_Close + Vol_MA6,0.5526,1.8129
Prev_Close + ADX_5,0.5526,1.8129
Prev_Close + -DI,0.5526,1.8129
Prev_Close + +DI,0.5526,1.8129
Prev_Close + CCI,0.5526,1.8129
Prev_Close + OBV_MA,0.5526,1.8129
Prev_Close + OBV,0.5526,1.8129
Prev_Close + KDJ_J,0.5526,1.8129
Prev_Close + KDJ_D,0.5526,1.8129
Prev_Close + KDJ_K,0.5526,1.8129
Prev_Close + Williams,0.5526,1.8129
Prev_Close + BOLL,0.5526,1.8129
Prev_Close + Lower_Band,0.5526,1.8129
Prev_Close + Upper_Band,0.5526,1.8129
Prev_Close + SMA,0.5526,1.8129
Prev_Close + RSI,0.5526,1.8129
Prev_Close + Vol_Spike,0.5526,1.8129
Prev_Close + BIAS_6,0.5526,1.8129
Prev_Close + MACD_Bearish_Strong,0.5526,1.8129
Prev_Close + BIAS_20,0.5526,1.8129
Prev_Close + Change_percent,0.5526,1.8129
Prev_Close + ATR_20,0.5526,1.8129
Prev_Close + MA_60,0.5526,1.8129
Prev_Close + Bias_Ratio,0.5526,1.8129
Prev_Close + MA20,0.5526,1.8129
Prev_Close + MA200,0.5526,1.8129
Prev_Close + DMA_Momentum_Up,0.5526,1.8129
Prev_Close + DMA_Bullish,0.5526,1.8129
Prev_Close + DMA_Death_Cross,0.5526,1.8129
Prev_Close + AMA,0.5526,1.8129
Prev_Close + MA_Long,0.5526,1.8129
Prev_Close + MA_Short,0.5526,1.8129
Prev_Close + Golden_Cross,0.5526,1.8129
Prev_Close + Bias_Divergence,0.5526,1.8129
Prev_Close + Strong_Trend,0.5526,1.8129
Prev_Close + Short_Term_Rebound,0.5526,1.8129
Prev_Close + Bullish_Align,0.5526,1.8129
Prev_Close + MACD_Momentum_Ratio,0.5526,1.8129
Prev_Close + ADX,0.5526,1.8129
Prev_Close + MACD_Bullish_Strong,0.5526,1.8129
Prev_Close + EMA_10,0.5526,1.8129
Prev_Close + EMA_20,0.5526,1.8129
Prev_Close + MA_20,0.5526,1.8129
Prev_Close + SMMA_10,0.5526,1.8129
Prev_Close + KAMA_10,0.5526,1.8129
Prev_Close + DEMA_10,0.5526,1.8129
Prev_Close + HMA_10,0.5526,1.8129
Prev_Close + SMA_10,0.5526,1.8129
Prev_Close + WMA_10,0.5526,1.8129
Prev_Close + MA_10,0.5526,1.8129
Prev_Close + SMA_20,0.5526,1.8129
Prev_Close + SMMA_5,0.5526,1.8129
Prev_Close + KAMA_5,0.5526,1.8129
Prev_Close + MACD_Momentum_Down,0.5526,1.8129
Prev_Close + HMA_5,0.5526,1.8129
Prev_Close + SMA_5,0.5526,1.8129
Prev_Close + WMA_5,0.5526,1.8129
Prev_Close + EMA_5,0.5526,1.8129
Prev_Close + MA_5,0.5526,1.8129
Prev_Close + WMA_20,0.5526,1.8129
Prev_Close + DEMA_5,0.5526,1.8129
Prev_Close + HMA_20,0.5526,1.8129
Prev_Close + MACD_Signal,0.5526,1.8129
Prev_Close + DEMA_20,0.5526,1.8129
Prev_Close + MACD_Momentum_Up,0.5526,1.8129
Prev_Close + MACD_Bearish_Zone,0.5526,1.8129
Prev_Close + MACD_Bullish_Zone,0.5526,1.8129
Prev_Close + MACD_Death_Cross,0.5526,1.8129
Prev_Close + MACD_Golden_Cross,0.5526,1.8129
Prev_Close + MACD_OSC,0.5526,1.8129
Prev_Close + MACD_Hist,0.5526,1.8129
Prev_Close + MACD_Diff,0.5526,1.8129
Prev_Close + SMMA_20,0.5526,1.8129
Prev_Close + DEA,0.5526,1.8129
Prev_Close + DIF,0.5526,1.8129
Prev_Close + WMA_6,0.5526,1.8129
Prev_Close + KAMA_20,0.5526,1.8129
Prev_Close + MACD,0.5526,1.8129
Golden_Cross + DMA,0.5789,1.8111
Vol_Spike + MA20,0.5789,1.7997
MACD_Bearish_Strong + MA_60,0.5526,1.7827
MACD_Bullish_Strong + BIAS_20,0.5789,1.7779
MACD_Bearish_Zone + Vol_Ratio,0.5526,1.7773
MACD_Bearish_Strong + High_120,0.5789,1.7668
WMA_10 + KDJ_J,0.5526,1.7662
WMA_10 + +DI,0.5526,1.7662
WMA_10 + CCI,0.5526,1.7662
WMA_10 + -DI,0.5526,1.7662
WMA_10 + OBV_MA,0.5526,1.7662
WMA_10 + OBV,0.5526,1.7662
WMA_10 + Lower_Band,0.5526,1.7662
WMA_10 + KDJ_D,0.5526,1.7662
WMA_10 + KDJ_K,0.5526,1.7662
WMA_10 + Williams,0.5526,1.7662
WMA_10 + BOLL,0.5526,1.7662
WMA_10 + ADX_5,0.5526,1.7662
WMA_10 + Upper_Band,0.5526,1.7662
WMA_10 + ADX,0.5526,1.7662
WMA_10 + MA_Long,0.5526,1.7662
WMA_10 + Vol_MA6,0.5526,1.7662
WMA_10 + Vol_Ratio,0.5526,1.7662
WMA_10 + Vol_Spike,0.5526,1.7662
WMA_10 + BIAS_Short_Col,0.5526,1.7662
WMA_10 + BIAS_6,0.5526,1.7662
WMA_10 + BIAS_20,0.5526,1.7662
WMA_10 + Bullish_Align,0.5526,1.7662
WMA_10 + Short_Term_Rebound,0.5526,1.7662
WMA_10 + Strong_Trend,0.5526,1.7662
WMA_10 + Bias_Divergence,0.5526,1.7662
WMA_10 + MA_Short,0.5526,1.7662
WMA_10 + DMA,0.5526,1.7662
WMA_10 + DMA_Golden_Cross,0.5526,1.7662
WMA_10 + RSI,0.5526,1.7662
WMA_10 + SMA,0.5526,1.7662
WMA_10 + AMA,0.5526,1.7662
WMA_10 + MACD_Momentum_Ratio,0.5526,1.7662
WMA_10 + MACD_Bearish_Strong,0.5526,1.7662
WMA_10 + DMA_Bullish,0.5526,1.7662
WMA_10 + SMA_10,0.5526,1.7662
WMA_10 + HMA_10,0.5526,1.7662
WMA_10 + DEMA_10,0.5526,1.7662
WMA_10 + KAMA_10,0.5526,1.7662
WMA_10 + SMMA_10,0.5526,1.7662
WMA_10 + MA_20,0.5526,1.7662
WMA_10 + EMA_20,0.5526,1.7662
WMA_10 + WMA_20,0.5526,1.7662
WMA_10 + SMA_20,0.5526,1.7662
WMA_10 + HMA_20,0.5526,1.7662
WMA_10 + DEMA_20,0.5526,1.7662
WMA_10 + KAMA_20,0.5526,1.7662
WMA_10 + SMMA_20,0.5526,1.7662
WMA_10 + WMA_6,0.5526,1.7662
WMA_10 + DIF,0.5526,1.7662
WMA_10 + DEA,0.5526,1.7662
WMA_10 + MACD,0.5526,1.7662
WMA_10 + MACD_Signal,0.5526,1.7662
WMA_10 + MACD_Hist,0.5526,1.7662
WMA_10 + MACD_OSC,0.5526,1.7662
WMA_10 + MACD_Golden_Cross,0.5526,1.7662
WMA_10 + MACD_Death_Cross,0.5526,1.7662
WMA_10 + MACD_Bullish_Zone,0.5526,1.7662
WMA_10 + MACD_Bearish_Zone,0.5526,1.7662
WMA_10 + MACD_Diff,0.5526,1.7662
WMA_10 + MACD_Momentum_Up,0.5526,1.7662
WMA_10 + MACD_Momentum_Down,0.5526,1.7662
WMA_10 + MACD_Bullish_Strong,0.5526,1.7662
WMA_10 + DMA_Death_Cross,0.5526,1.7662
WMA_10 + Golden_Cross,0.5526,1.7662
WMA_10 + DMA_Diff,0.5526,1.7662
WMA_10 + Bias_Ratio,0.5526,1.7662
WMA_10 + DMA_Momentum_Up,0.5526,1.7662
WMA_10 + ATR_20,0.5526,1.7662
WMA_10 + V_MA20,0.5526,1.7662
WMA_10 + MA_60,0.5526,1.7662
WMA_10 + MA20,0.5526,1.7662
WMA_10 + High_120,0.5526,1.7662
WMA_10 + MA200,0.5526,1.7662
SMA_5 + KAMA_20,0.5526,1.7642
SMA_5 + MACD_Hist,0.5526,1.7642
SMA_5 + SMMA_20,0.5526,1.7642
SMA_5 + WMA_6,0.5526,1.7642
SMA_5 + DIF,0.5526,1.7642
SMA_5 + DEA,0.5526,1.7642
SMA_5 + MACD,0.5526,1.7642
SMA_5 + MACD_Signal,0.5526,1.7642
SMA_5 + MACD_Bearish_Zone,0.5526,1.7642
SMA_5 + MACD_OSC,0.5526,1.7642
SMA_5 + MACD_Golden_Cross,0.5526,1.7642
SMA_5 + MACD_Death_Cross,0.5526,1.7642
SMA_5 + MACD_Bullish_Zone,0.5526,1.7642
SMA_5 + HMA_20,0.5526,1.7642
SMA_5 + MACD_Diff,0.5526,1.7642
SMA_5 + MACD_Momentum_Up,0.5526,1.7642
MA_5 + HMA_5,0.5526,1.7642
SMA_5 + DEMA_20,0.5526,1.7642
SMA_5 + MA_20,0.5526,1.7642
SMA_5 + SMA_20,0.5526,1.7642
SMA_5 + WMA_20,0.5526,1.7642
MA_5 + ATR_20,0.5526,1.7642
SMA_5 + HMA_5,0.5526,1.7642
SMA_5 + DEMA_5,0.5526,1.7642
SMA_5 + KAMA_5,0.5526,1.7642
SMA_5 + SMMA_5,0.5526,1.7642
SMA_5 + MA_10,0.5526,1.7642
SMA_5 + EMA_10,0.5526,1.7642
SMA_5 + WMA_10,0.5526,1.7642
SMA_5 + SMA_10,0.5526,1.7642
SMA_5 + HMA_10,0.5526,1.7642
SMA_5 + DEMA_10,0.5526,1.7642
SMA_5 + KAMA_10,0.5526,1.7642
SMA_5 + SMMA_10,0.5526,1.7642
SMA_5 + MACD_Momentum_Down,0.5526,1.7642
SMA_5 + EMA_20,0.5526,1.7642
MA_5 + SMA_5,0.5526,1.7642
SMA_5 + RSI,0.5526,1.7642
SMA_5 + MACD_Bullish_Strong,0.5526,1.7642
SMA_5 + Bias_Divergence,0.5526,1.7642
SMA_5 + Vol_Spike,0.5526,1.7642
SMA_5 + BIAS_Short_Col,0.5526,1.7642
SMA_5 + BIAS_6,0.5526,1.7642
SMA_5 + BIAS_20,0.5526,1.7642
SMA_5 + Bullish_Align,0.5526,1.7642
SMA_5 + Short_Term_Rebound,0.5526,1.7642
SMA_5 + Strong_Trend,0.5526,1.7642
SMA_5 + Golden_Cross,0.5526,1.7642
SMA_5 + ADX_5,0.5526,1.7642
SMA_5 + MA_Short,0.5526,1.7642
SMA_5 + MA_Long,0.5526,1.7642
SMA_5 + DMA,0.5526,1.7642
SMA_5 + AMA,0.5526,1.7642
SMA_5 + DMA_Golden_Cross,0.5526,1.7642
SMA_5 + DMA_Death_Cross,0.5526,1.7642
SMA_5 + DMA_Bullish,0.5526,1.7642
SMA_5 + Vol_Ratio,0.5526,1.7642
MA_5 + EMA_5,0.5526,1.7642
SMA_5 + MACD_Bearish_Strong,0.5526,1.7642
SMA_5 + Williams,0.5526,1.7642
SMA_5 + MACD_Momentum_Ratio,0.5526,1.7642
MA_5 + V_MA20,0.5526,1.7642
SMA_5 + SMA,0.5526,1.7642
SMA_5 + Upper_Band,0.5526,1.7642
SMA_5 + Lower_Band,0.5526,1.7642
SMA_5 + BOLL,0.5526,1.7642
MA_5 + WMA_5,0.5526,1.7642
SMA_5 + KDJ_K,0.5526,1.7642
SMA_5 + ADX,0.5526,1.7642
SMA_5 + KDJ_D,0.5526,1.7642
SMA_5 + KDJ_J,0.5526,1.7642
SMA_5 + OBV,0.5526,1.7642
SMA_5 + OBV_MA,0.5526,1.7642
SMA_5 + CCI,0.5526,1.7642
SMA_5 + +DI,0.5526,1.7642
SMA_5 + -DI,0.5526,1.7642
MA_5 + MA_60,0.5526,1.7642
MA_5 + MA200,0.5526,1.7642
MA_5 + Bias_Ratio,0.5526,1.7642
MA_5 + MACD_Death_Cross,0.5526,1.7642
MA_5 + MACD_Bearish_Strong,0.5526,1.7642
MA_5 + MACD_Bullish_Strong,0.5526,1.7642
MA_5 + MACD_Momentum_Down,0.5526,1.7642
MA_5 + MACD_Momentum_Up,0.5526,1.7642
MA_5 + MACD_Diff,0.5526,1.7642
MA_5 + MACD_Bearish_Zone,0.5526,1.7642
MA_5 + MACD_Bullish_Zone,0.5526,1.7642
MA_5 + MACD_Golden_Cross,0.5526,1.7642
MA_5 + KAMA_20,0.5526,1.7642
MA_5 + MACD_OSC,0.5526,1.7642
MA_5 + MACD_Hist,0.5526,1.7642
MA_5 + MACD_Signal,0.5526,1.7642
MA_5 + MACD,0.5526,1.7642
MA_5 + DEA,0.5526,1.7642
MA_5 + DIF,0.5526,1.7642
MA_5 + WMA_6,0.5526,1.7642
MA_5 + MACD_Momentum_Ratio,0.5526,1.7642
MA_5 + RSI,0.5526,1.7642
MA_5 + SMA,0.5526,1.7642
MA_5 + Upper_Band,0.5526,1.7642
SMA_5 + DMA_Momentum_Up,0.5526,1.7642
MA_5 + Vol_MA6,0.5526,1.7642
MA_5 + ADX_5,0.5526,1.7642
MA_5 + ADX,0.5526,1.7642
MA_5 + -DI,0.5526,1.7642
MA_5 + +DI,0.5526,1.7642
MA_5 + CCI,0.5526,1.7642
MA_5 + OBV_MA,0.5526,1.7642
MA_5 + OBV,0.5526,1.7642
MA_5 + KDJ_J,0.5526,1.7642
MA_5 + KDJ_D,0.5526,1.7642
MA_5 + KDJ_K,0.5526,1.7642
MA_5 + Williams,0.5526,1.7642
MA_5 + BOLL,0.5526,1.7642
MA_5 + Lower_Band,0.5526,1.7642
MA_5 + SMMA_20,0.5526,1.7642
MA_5 + DEMA_20,0.5526,1.7642
MA_5 + MA20,0.5526,1.7642
MA_5 + MA_Long,0.5526,1.7642
MA_5 + BIAS_20,0.5526,1.7642
MA_5 + Bullish_Align,0.5526,1.7642
MA_5 + Short_Term_Rebound,0.5526,1.7642
MA_5 + Strong_Trend,0.5526,1.7642
MA_5 + Bias_Divergence,0.5526,1.7642
MA_5 + Golden_Cross,0.5526,1.7642
MA_5 + MA_Short,0.5526,1.7642
MA_5 + DMA,0.5526,1.7642
MA_5 + HMA_20,0.5526,1.7642
MA_5 + AMA,0.5526,1.7642
MA_5 + DMA_Golden_Cross,0.5526,1.7642
MA_5 + DMA_Death_Cross,0.5526,1.7642
MA_5 + DMA_Bullish,0.5526,1.7642
MA_5 + DMA_Diff,0.5526,1.7642
MA_5 + DMA_Momentum_Up,0.5526,1.7642
MA_5 + High_120,0.5526,1.7642
MA_5 + BIAS_6,0.5526,1.7642
MA_5 + BIAS_Short_Col,0.5526,1.7642
MA_5 + Vol_Spike,0.5526,1.7642
MA_5 + Vol_Ratio,0.5526,1.7642
MA_5 + SMA_20,0.5526,1.7642
MA_5 + WMA_20,0.5526,1.7642
MA_5 + EMA_20,0.5526,1.7642
MA_5 + MA_20,0.5526,1.7642
MA_5 + SMMA_10,0.5526,1.7642
MA_5 + KAMA_10,0.5526,1.7642
MA_5 + DEMA_10,0.5526,1.7642
MA_5 + HMA_10,0.5526,1.7642
MA_5 + SMA_10,0.5526,1.7642
MA_5 + WMA_10,0.5526,1.7642
MA_5 + EMA_10,0.5526,1.7642
MA_5 + MA_10,0.5526,1.7642
MA_5 + SMMA_5,0.5526,1.7642
MA_5 + KAMA_5,0.5526,1.7642
MA_5 + DEMA_5,0.5526,1.7642
SMA_5 + DMA_Diff,0.5526,1.7642
SMA_5 + Vol_MA6,0.5526,1.7642
SMA_5 + MA200,0.5526,1.7642
SMA_5 + V_MA20,0.5526,1.7642
SMA_5 + High_120,0.5526,1.7642
SMA_5 + MA_60,0.5526,1.7642
SMA_5 + ATR_20,0.5526,1.7642
SMA_5 + Bias_Ratio,0.5526,1.7642
SMA_5 + MA20,0.5526,1.7642
MACD_Bullish_Zone + Strong_Trend,0.5526,1.7595
MACD_Momentum_Down + BIAS_6,0.6316,1.7591
MACD_Death_Cross + MACD_Bullish_Strong,0.5526,1.752
SMA_10 + MACD,0.5526,1.7341
SMA_10 + MACD_Signal,0.5526,1.7341
SMA_10 + MACD_Hist,0.5526,1.7341
SMA_10 + MACD_OSC,0.5526,1.7341
SMA_10 + MACD_Golden_Cross,0.5526,1.7341
SMA_10 + MACD_Death_Cross,0.5526,1.7341
SMA_10 + MACD_Bullish_Zone,0.5526,1.7341
SMA_10 + MACD_Bearish_Zone,0.5526,1.7341
SMA_10 + MACD_Bearish_Strong,0.5526,1.7341
SMA_10 + MACD_Diff,0.5526,1.7341
SMA_10 + MACD_Momentum_Up,0.5526,1.7341
SMA_10 + MACD_Momentum_Down,0.5526,1.7341
SMA_10 + MACD_Bullish_Strong,0.5526,1.7341
SMA_10 + DIF,0.5526,1.7341
SMA_10 + MACD_Momentum_Ratio,0.5526,1.7341
SMA_10 + RSI,0.5526,1.7341
SMA_10 + SMA,0.5526,1.7341
SMA_10 + Upper_Band,0.5526,1.7341
SMA_10 + DEA,0.5526,1.7341
SMA_10 + HMA_20,0.5526,1.7341
SMA_10 + WMA_6,0.5526,1.7341
SMA_10 + HMA_10,0.5526,1.7341
MA_10 + MA200,0.5526,1.7341
MA_10 + High_120,0.5526,1.7341
MA_10 + MA20,0.5526,1.7341
MA_Short + DMA_Death_Cross,0.5526,1.7341
MA_10 + Bias_Ratio,0.5526,1.7341
MA_10 + V_MA20,0.5526,1.7341
MA_10 + MA_60,0.5526,1.7341
MA_10 + ATR_20,0.5526,1.7341
SMA_10 + KAMA_10,0.5526,1.7341
SMA_10 + SMMA_20,0.5526,1.7341
SMA_10 + SMMA_10,0.5526,1.7341
SMA_10 + MA_20,0.5526,1.7341
SMA_10 + EMA_20,0.5526,1.7341
SMA_10 + WMA_20,0.5526,1.7341
SMA_10 + SMA_20,0.5526,1.7341
SMA_10 + BOLL,0.5526,1.7341
SMA_10 + DEMA_20,0.5526,1.7341
SMA_10 + KAMA_20,0.5526,1.7341
SMA_10 + Lower_Band,0.5526,1.7341
SMA_10 + KDJ_J,0.5526,1.7341
SMA_10 + Williams,0.5526,1.7341
SMA_10 + High_120,0.5526,1.7341
MA_Short + AMA,0.5526,1.7341
MA_Short + DMA,0.5526,1.7341
MA_Short + MA_Long,0.5526,1.7341
SMA_10 + ATR_20,0.5526,1.7341
SMA_10 + MA_60,0.5526,1.7341
SMA_10 + V_MA20,0.5526,1.7341
SMA_10 + Bias_Ratio,0.5526,1.7341
SMA_10 + MA20,0.5526,1.7341
SMA_10 + MA200,0.5526,1.7341
SMA_10 + MA_Short,0.5526,1.7341
SMA_10 + DMA_Momentum_Up,0.5526,1.7341
SMA_10 + DMA_Diff,0.5526,1.7341
SMA_10 + DMA_Bullish,0.5526,1.7341
SMA_10 + DMA_Death_Cross,0.5526,1.7341
SMA_10 + DMA_Golden_Cross,0.5526,1.7341
SMA_10 + AMA,0.5526,1.7341
SMA_10 + DMA,0.5526,1.7341
SMA_10 + MA_Long,0.5526,1.7341
MA_Short + DMA_Golden_Cross,0.5526,1.7341
SMA_10 + Golden_Cross,0.5526,1.7341
SMA_10 + KDJ_K,0.5526,1.7341
SMA_10 + ADX_5,0.5526,1.7341
SMA_10 + KDJ_D,0.5526,1.7341
MA_10 + DMA_Diff,0.5526,1.7341
SMA_10 + OBV,0.5526,1.7341
SMA_10 + OBV_MA,0.5526,1.7341
SMA_10 + CCI,0.5526,1.7341
SMA_10 + +DI,0.5526,1.7341
SMA_10 + -DI,0.5526,1.7341
SMA_10 + ADX,0.5526,1.7341
SMA_10 + Vol_MA6,0.5526,1.7341
SMA_10 + Bias_Divergence,0.5526,1.7341
SMA_10 + Vol_Ratio,0.5526,1.7341
SMA_10 + Vol_Spike,0.5526,1.7341
SMA_10 + BIAS_Short_Col,0.5526,1.7341
SMA_10 + BIAS_6,0.5526,1.7341
SMA_10 + BIAS_20,0.5526,1.7341
SMA_10 + Bullish_Align,0.5526,1.7341
SMA_10 + Short_Term_Rebound,0.5526,1.7341
SMA_10 + Strong_Trend,0.5526,1.7341
MA_10 + DMA_Momentum_Up,0.5526,1.7341
SMA_10 + DEMA_10,0.5526,1.7341
MA_10 + DEA,0.5526,1.7341
MA_10 + RSI,0.5526,1.7341
MA_10 + DIF,0.5526,1.7341
MA_10 + DMA_Bullish,0.5526,1.7341
MA_10 + MACD,0.5526,1.7341
MA_Short + MA20,0.5526,1.7341
MA_Short + High_120,0.5526,1.7341
MA_10 + MACD_Signal,0.5526,1.7341
MA_Short + MA200,0.5526,1.7341
MA_10 + MACD_Hist,0.5526,1.7341
MA_10 + MACD_OSC,0.5526,1.7341
MA_10 + MACD_Golden_Cross,0.5526,1.7341
MA_10 + MACD_Death_Cross,0.5526,1.7341
MA_10 + MACD_Bullish_Zone,0.5526,1.7341
MA_10 + MACD_Bearish_Zone,0.5526,1.7341
MA_10 + MACD_Diff,0.5526,1.7341
MA_10 + MACD_Momentum_Up,0.5526,1.7341
MA_10 + MACD_Momentum_Down,0.5526,1.7341
MA_10 + MACD_Bearish_Strong,0.5526,1.7341
MA_10 + WMA_6,0.5526,1.7341
MA_10 + SMMA_20,0.5526,1.7341
MA_10 + KAMA_20,0.5526,1.7341
MA_10 + SMMA_10,0.5526,1.7341
MA_10 + EMA_10,0.5526,1.7341
MA_10 + WMA_10,0.5526,1.7341
MA_Short + ATR_20,0.5526,1.7341
MA_10 + SMA_10,0.5526,1.7341
MA_10 + HMA_10,0.5526,1.7341
MA_10 + DEMA_10,0.5526,1.7341
MA_10 + KAMA_10,0.5526,1.7341
MA_10 + MA_20,0.5526,1.7341
MA_10 + DEMA_20,0.5526,1.7341
MA_10 + EMA_20,0.5526,1.7341
MA_Short + MA_60,0.5526,1.7341
MA_10 + WMA_20,0.5526,1.7341
MA_Short + V_MA20,0.5526,1.7341
MA_10 + SMA_20,0.5526,1.7341
MA_10 + HMA_20,0.5526,1.7341
MA_Short + Bias_Ratio,0.5526,1.7341
MA_10 + MACD_Momentum_Ratio,0.5526,1.7341
MA_10 + MACD_Bullish_Strong,0.5526,1.7341
MA_10 + SMA,0.5526,1.7341
MA_10 + Bias_Divergence,0.5526,1.7341
MA_10 + Upper_Band,0.5526,1.7341
MA_10 + BIAS_Short_Col,0.5526,1.7341
MA_10 + BIAS_6,0.5526,1.7341
MA_10 + BIAS_20,0.5526,1.7341
MA_10 + Bullish_Align,0.5526,1.7341
MA_10 + Short_Term_Rebound,0.5526,1.7341
MA_10 + Strong_Trend,0.5526,1.7341
MA_Short + DMA_Bullish,0.5526,1.7341
MA_10 + Vol_MA6,0.5526,1.7341
MA_10 + Golden_Cross,0.5526,1.7341
MA_10 + MA_Short,0.5526,1.7341
MA_10 + MA_Long,0.5526,1.7341
MA_10 + DMA,0.5526,1.7341
MA_10 + AMA,0.5526,1.7341
MA_10 + DMA_Golden_Cross,0.5526,1.7341
MA_10 + DMA_Death_Cross,0.5526,1.7341
MA_10 + Vol_Ratio,0.5526,1.7341
MA_10 + Vol_Spike,0.5526,1.7341
MA_10 + ADX_5,0.5526,1.7341
MA_Short + DMA_Momentum_Up,0.5526,1.7341
MA_10 + KDJ_K,0.5526,1.7341
MA_Short + DMA_Diff,0.5526,1.7341
MA_10 + KDJ_D,0.5526,1.7341
MA_10 + Williams,0.5526,1.7341
MA_10 + KDJ_J,0.5526,1.7341
MA_10 + OBV,0.5526,1.7341
MA_10 + OBV_MA,0.5526,1.7341
MA_10 + CCI,0.5526,1.7341
MA_10 + BOLL,0.5526,1.7341
MA_10 + +DI,0.5526,1.7341
MA_10 + -DI,0.5526,1.7341
MA_10 + Lower_Band,0.5526,1.7341
MA_10 + ADX,0.5526,1.7341
MACD_Bearish_Zone + RSI,0.5526,1.7305
MACD_Momentum_Up + Bias_Divergence,0.5526,1.7125
MACD_Bearish_Zone + High_120,0.5526,1.7119
MACD_Golden_Cross + MACD_Diff,0.5526,1.7118
Vol_Ratio + MA200,0.5526,1.6968
Vol_Ratio + Bullish_Align,0.5526,1.6968
Vol_Ratio + MA_Short,0.5526,1.6968
MACD_Momentum_Up + RSI,0.6053,1.6942
MACD_Death_Cross + ADX,0.5526,1.6888
MACD_Momentum_Up + V_MA20,0.5526,1.6851
MACD_Bearish_Zone + MA20,0.5789,1.6802
MACD_Golden_Cross + +DI,0.5789,1.6722
MACD_Bearish_Zone + ADX,0.5526,1.6613
DMA_Bullish + ATR_20,0.5526,1.6537
Change_percent + KAMA_20,0.5789,1.6237
Change_percent + MA_20,0.5789,1.6237
Change_percent + EMA_20,0.5789,1.6237
Change_percent + WMA_20,0.5789,1.6237
Change_percent + SMA_20,0.5789,1.6237
Change_percent + HMA_20,0.5789,1.6237
Change_percent + DEMA_20,0.5789,1.6237
Change_percent + SMMA_20,0.5789,1.6237
Change_percent + KAMA_10,0.5789,1.6237
Change_percent + WMA_6,0.5789,1.6237
Change_percent + DIF,0.5789,1.6237
Change_percent + DEA,0.5789,1.6237
Change_percent + MACD,0.5789,1.6237
Change_percent + MACD_Signal,0.5789,1.6237
Change_percent + SMMA_10,0.5789,1.6237
Change_percent + DEMA_10,0.5789,1.6237
Change_percent + MA_5,0.5789,1.6237
Change_percent + HMA_10,0.5789,1.6237
Change_percent + SMA_10,0.5789,1.6237
Change_percent + WMA_10,0.5789,1.6237
Change_percent + EMA_10,0.5789,1.6237
Change_percent + MA_10,0.5789,1.6237
Change_percent + SMMA_5,0.5789,1.6237
Change_percent + KAMA_5,0.5789,1.6237
Change_percent + DEMA_5,0.5789,1.6237
Change_percent + MACD_OSC,0.5789,1.6237
Change_percent + HMA_5,0.5789,1.6237
Change_percent + SMA_5,0.5789,1.6237
Change_percent + WMA_5,0.5789,1.6237
Change_percent + EMA_5,0.5789,1.6237
Change_percent + MACD_Hist,0.5789,1.6237
Change_percent + Golden_Cross,0.5789,1.6237
Change_percent + MACD_Golden_Cross,0.5789,1.6237
Change_percent + DMA_Golden_Cross,0.5789,1.6237
Change_percent + Vol_Spike,0.5789,1.6237
Change_percent + BIAS_Short_Col,0.5789,1.6237
Change_percent + BIAS_6,0.5789,1.6237
Change_percent + BIAS_20,0.5789,1.6237
Change_percent + Bullish_Align,0.5789,1.6237
Change_percent + Short_Term_Rebound,0.5789,1.6237
Change_percent + Strong_Trend,0.5789,1.6237
Change_percent + Bias_Divergence,0.5789,1.6237
Change_percent + MA_Short,0.5789,1.6237
Change_percent + MA_Long,0.5789,1.6237
Change_percent + AMA,0.5789,1.6237
Change_percent + DMA_Death_Cross,0.5789,1.6237
Change_percent + Vol_MA6,0.5789,1.6237
Change_percent + DMA_Bullish,0.5789,1.6237
Change_percent + DMA_Diff,0.5789,1.6237
Change_percent + DMA_Momentum_Up,0.5789,1.6237
Change_percent + MA200,0.5789,1.6237
Change_percent + High_120,0.5789,1.6237
Change_percent + MA20,0.5789,1.6237
Change_percent + MACD_Death_Cross,0.5789,1.6237
Change_percent + Bias_Ratio,0.5789,1.6237
Change_percent + V_MA20,0.5789,1.6237
Change_percent + MA_60,0.5789,1.6237
Change_percent + ATR_20,0.5789,1.6237
Change_percent + Vol_Ratio,0.5789,1.6237
Change_percent + DMA,0.5789,1.6237
Change_percent + ADX_5,0.5789,1.6237
Change_percent + KDJ_J,0.5789,1.6237
Change_percent + MACD_Momentum_Down,0.5789,1.6237
Change_percent + MACD_Bullish_Strong,0.5789,1.6237
Change_percent + MACD_Bearish_Strong,0.5789,1.6237
Change_percent + MACD_Momentum_Ratio,0.5789,1.6237
Change_percent + RSI,0.5789,1.6237
Change_percent + SMA,0.5789,1.6237
Change_percent + Upper_Band,0.5789,1.6237
Change_percent + Lower_Band,0.5789,1.6237
Change_percent + Williams,0.5789,1.6237
Change_percent + KDJ_K,0.5789,1.6237
Change_percent + KDJ_D,0.5789,1.6237
Change_percent + BOLL,0.5789,1.6237
Change_percent + -DI,0.5789,1.6237
Change_percent + MACD_Diff,0.5789,1.6237
Change_percent + OBV,0.5789,1.6237
Change_percent + MACD_Bullish_Zone,0.5789,1.6237
Change_percent + MACD_Bearish_Zone,0.5789,1.6237
Change_percent + +DI,0.5789,1.6237
Change_percent + CCI,0.5789,1.6237
Change_percent + OBV_MA,0.5789,1.6237
Change_percent + ADX,0.5789,1.6237
Change_percent + MACD_Momentum_Up,0.5789,1.6237
KAMA_10 + Vol_MA6,0.5526,1.6184
KAMA_10 + CCI,0.5526,1.6184
KAMA_10 + Vol_Ratio,0.5526,1.6184
KAMA_10 + ADX_5,0.5526,1.6184
KAMA_10 + ADX,0.5526,1.6184
KAMA_10 + -DI,0.5526,1.6184
KAMA_10 + +DI,0.5526,1.6184
KAMA_10 + BOLL,0.5526,1.6184
KAMA_10 + OBV_MA,0.5526,1.6184
KAMA_10 + OBV,0.5526,1.6184
KAMA_10 + KDJ_J,0.5526,1.6184
KAMA_10 + KDJ_D,0.5526,1.6184
KAMA_10 + Lower_Band,0.5526,1.6184
KAMA_10 + BIAS_Short_Col,0.5526,1.6184
KAMA_10 + KDJ_K,0.5526,1.6184
KAMA_10 + Williams,0.5526,1.6184
KAMA_10 + Vol_Spike,0.5526,1.6184
KAMA_10 + MA_Long,0.5526,1.6184
KAMA_10 + BIAS_6,0.5526,1.6184
KAMA_10 + BIAS_20,0.5526,1.6184
KAMA_10 + V_MA20,0.5526,1.6184
KAMA_10 + MA20,0.5526,1.6184
KAMA_10 + High_120,0.5526,1.6184
KAMA_10 + MA200,0.5526,1.6184
KAMA_10 + DMA_Momentum_Up,0.5526,1.6184
KAMA_10 + DMA_Diff,0.5526,1.6184
KAMA_10 + DMA_Bullish,0.5526,1.6184
KAMA_10 + MA_60,0.5526,1.6184
KAMA_10 + DMA_Death_Cross,0.5526,1.6184
KAMA_10 + DMA_Golden_Cross,0.5526,1.6184
KAMA_10 + AMA,0.5526,1.6184
KAMA_10 + DMA,0.5526,1.6184
KAMA_10 + Bias_Ratio,0.5526,1.6184
KAMA_10 + MA_Short,0.5526,1.6184
KAMA_10 + Golden_Cross,0.5526,1.6184
KAMA_10 + Bias_Divergence,0.5526,1.6184
KAMA_10 + Strong_Trend,0.5526,1.6184
KAMA_10 + Short_Term_Rebound,0.5526,1.6184
KAMA_10 + Bullish_Align,0.5526,1.6184
KAMA_10 + Upper_Band,0.5526,1.6184
KAMA_10 + MACD_Hist,0.5526,1.6184
KAMA_10 + ATR_20,0.5526,1.6184
KAMA_10 + SMMA_20,0.5526,1.6184
KAMA_10 + MACD_Golden_Cross,0.5526,1.6184
KAMA_10 + MACD_OSC,0.5526,1.6184
KAMA_10 + MACD_Signal,0.5526,1.6184
KAMA_10 + MACD,0.5526,1.6184
KAMA_10 + DEA,0.5526,1.6184
KAMA_10 + DIF,0.5526,1.6184
KAMA_10 + WMA_6,0.5526,1.6184
KAMA_10 + KAMA_20,0.5526,1.6184
KAMA_10 + MACD_Bearish_Zone,0.5526,1.6184
KAMA_10 + DEMA_20,0.5526,1.6184
KAMA_10 + HMA_20,0.5526,1.6184
KAMA_10 + SMA_20,0.5526,1.6184
KAMA_10 + WMA_20,0.5526,1.6184
KAMA_10 + EMA_20,0.5526,1.6184
KAMA_10 + MA_20,0.5526,1.6184
KAMA_10 + SMMA_10,0.5526,1.6184
KAMA_10 + MACD_Bullish_Zone,0.5526,1.6184
KAMA_10 + MACD_Death_Cross,0.5526,1.6184
KAMA_10 + SMA,0.5526,1.6184
KAMA_10 + MACD_Diff,0.5526,1.6184
KAMA_10 + MACD_Momentum_Up,0.5526,1.6184
KAMA_10 + MACD_Momentum_Down,0.5526,1.6184
KAMA_10 + MACD_Bullish_Strong,0.5526,1.6184
KAMA_10 + MACD_Bearish_Strong,0.5526,1.6184
KAMA_10 + MACD_Momentum_Ratio,0.5526,1.6184
KAMA_10 + RSI,0.5526,1.6184
Vol_Ratio + DMA_Momentum_Up,0.5526,1.6146
Vol_Ratio + BIAS_Short_Col,0.5526,1.6146
Vol_Ratio + Bias_Divergence,0.5526,1.6146
Vol_Ratio + DMA,0.5526,1.6146
Vol_Ratio + MA_60,0.5526,1.6146
Vol_Ratio + High_120,0.5526,1.6146
Vol_Ratio + DMA_Bullish,0.5526,1.6146
Vol_Ratio + AMA,0.5526,1.6146
MACD_Golden_Cross + RSI,0.5789,1.6072
Bias_Divergence + DMA_Momentum_Up,0.5526,1.5964
MACD_Bearish_Zone + OBV_MA,0.5789,1.5907
MACD_Bullish_Strong + BIAS_6,0.5526,1.5787
MACD_Bearish_Zone + CCI,0.5789,1.5756
MACD_Bullish_Strong + MA_Long,0.5526,1.5532
MACD_Death_Cross + MA_60,0.5789,1.5321
MACD_Golden_Cross + V_MA20,0.5526,1.5316
MACD_Momentum_Down + Golden_Cross,0.5526,1.5219
MACD_Bearish_Zone + KDJ_K,0.5789,1.5192
DMA_Death_Cross + MA200,0.5526,1.4749
MACD_Momentum_Down + High_120,0.5526,1.4439
Strong_Trend + DMA_Diff,0.5789,1.4315
MACD_Death_Cross + MA20,0.6316,1.328
