Stock,Buy_Date,Buy_Price,Sell_Date,Sell_Price,Profit,Profit_Pct%,Highest_Price,Hold_Days
2455.TW,2014-04-08,27.8,2014-04-09,27.99,0.19,0.68,28.27,1
2455.TW,2014-04-10,28.18,2014-04-11,27.71,-0.47,-1.67,28.27,1
2455.TW,2014-04-22,28.18,2014-04-30,29.68,1.5,5.32,30.71,8
2455.TW,2014-05-02,30.53,2014-05-08,30.71,0.18,0.59,31.61,6
2455.TW,2014-05-29,32.08,2014-06-04,31.93,-0.15,-0.47,32.31,6
2455.TW,2014-06-05,32.08,2014-06-09,31.56,-0.52,-1.62,32.26,4
2455.TW,2014-06-18,31.84,2014-06-19,31.56,-0.28,-0.88,32.17,1
2455.TW,2014-08-25,28.78,2014-08-26,29.01,0.23,0.8,29.15,1
2455.TW,2014-08-27,29.11,2014-09-15,30.62,1.51,5.19,31.33,19
2455.TW,2014-11-14,27.12,2014-11-18,26.74,-0.38,-1.4,27.22,4
2455.TW,2014-12-03,27.12,2014-12-09,26.7,-0.42,-1.55,27.97,6
2455.TW,2014-12-11,26.74,2014-12-12,26.84,0.1,0.37,27.17,1
2455.TW,2015-01-06,28.73,2015-01-16,30.38,1.65,5.74,31.09,10
2455.TW,2015-02-05,32.04,2015-02-09,30.71,-1.33,-4.15,32.32,4
2455.TW,2015-03-05,33.55,2015-03-13,35.44,1.89,5.63,37.28,8
2455.TW,2015-05-14,36.86,2015-05-22,37.33,0.47,1.28,38.56,8
2455.TW,2015-05-26,38.6,2015-06-05,36.86,-1.74,-4.51,43.0,10
2455.TW,2015-06-17,43.71,2015-06-24,47.25,3.54,8.1,50.56,7
2455.TW,2015-06-25,49.93,2015-06-29,47.27,-2.66,-5.33,50.91,4
2455.TW,2015-09-15,40.1,2015-09-22,40.3,0.2,0.5,41.43,7
2455.TW,2015-10-06,41.08,2015-10-08,39.9,-1.18,-2.87,41.38,2
2455.TW,2015-10-27,40.54,2015-10-28,39.46,-1.08,-2.66,40.54,1
2455.TW,2015-11-30,38.38,2015-12-09,43.49,5.11,13.31,45.6,9
2455.TW,2015-12-21,47.47,2015-12-24,46.69,-0.78,-1.64,49.44,3
2455.TW,2016-02-24,50.71,2016-02-25,50.12,-0.59,-1.16,51.01,1
2455.TW,2016-03-02,54.06,2016-03-04,48.95,-5.11,-9.45,54.45,2
2455.TW,2016-03-14,53.17,2016-03-16,52.58,-0.59,-1.11,53.76,2
2455.TW,2016-03-17,54.06,2016-03-24,53.66,-0.4,-0.74,57.1,7
2455.TW,2016-05-31,49.93,2016-06-03,49.44,-0.49,-0.98,50.52,3
2455.TW,2016-08-29,42.62,2016-09-05,43.35,0.73,1.71,44.33,7
2455.TW,2016-09-14,45.0,2016-09-22,45.87,0.87,1.93,48.45,8
2455.TW,2016-11-29,35.95,2016-12-05,34.25,-1.7,-4.73,35.99,6
2455.TW,2016-12-12,37.0,2016-12-16,37.15,0.15,0.41,37.42,4
2455.TW,2016-12-22,37.89,2016-12-28,38.59,0.7,1.85,40.25,6
2455.TW,2017-02-07,40.4,2017-02-21,45.28,4.88,12.08,49.31,14
2455.TW,2017-05-03,44.35,2017-05-05,43.81,-0.54,-1.22,44.35,2
2455.TW,2017-05-08,44.04,2017-05-09,43.27,-0.77,-1.75,44.04,1
2455.TW,2017-05-26,46.83,2017-06-07,47.68,0.85,1.82,48.45,12
2455.TW,2017-07-06,47.48,2017-07-10,47.16,-0.32,-0.67,47.89,4
2455.TW,2017-07-11,47.81,2017-07-13,47.73,-0.08,-0.17,47.81,2
2455.TW,2017-07-14,48.37,2017-07-21,52.49,4.12,8.52,53.14,7
2455.TW,2017-07-24,55.4,2017-07-31,56.77,1.37,2.47,59.68,7
2455.TW,2017-10-12,50.96,2017-10-17,50.88,-0.08,-0.16,52.65,5
2455.TW,2017-11-01,54.02,2017-11-13,59.76,5.74,10.63,62.18,12
2455.TW,2018-01-17,85.6,2018-01-24,84.79,-0.81,-0.95,92.87,7
2455.TW,2018-02-01,94.48,2018-02-05,88.43,-6.05,-6.4,100.94,4
2455.TW,2018-03-13,103.77,2018-03-21,108.21,4.44,4.28,113.06,8
2455.TW,2018-05-29,94.48,2018-05-31,90.44,-4.04,-4.28,94.89,2
2455.TW,2018-06-08,96.9,2018-06-12,94.08,-2.82,-2.91,96.9,4
2455.TW,2018-06-19,100.13,2018-06-20,96.5,-3.63,-3.63,100.13,1
2455.TW,2018-08-23,76.69,2018-08-31,77.02,0.33,0.43,79.0,8
2455.TW,2018-09-03,77.76,2018-09-10,79.92,2.16,2.78,86.13,7
2455.TW,2018-12-04,53.66,2018-12-06,50.27,-3.39,-6.32,53.75,2
2455.TW,2019-01-02,53.83,2019-01-04,50.43,-3.4,-6.32,54.57,2
2455.TW,2019-01-29,55.82,2019-02-14,55.57,-0.25,-0.45,58.14,16
2455.TW,2019-02-15,56.81,2019-02-18,56.64,-0.17,-0.3,60.04,3
2455.TW,2019-02-21,57.56,2019-03-04,59.38,1.82,3.16,61.7,11
2455.TW,2019-03-15,61.61,2019-03-25,72.38,10.77,17.48,77.1,10
2455.TW,2019-06-20,64.43,2019-06-26,64.84,0.41,0.64,67.74,6
2455.TW,2019-06-27,68.38,2019-07-16,78.72,10.34,15.12,81.54,19
2455.TW,2019-07-25,87.18,2019-07-31,85.9,-1.28,-1.47,89.32,6
2455.TW,2019-09-17,88.04,2019-09-25,96.16,8.12,9.22,101.72,8
2455.TW,2019-10-25,103.85,2019-10-30,104.28,0.43,0.41,113.25,5
2455.TW,2019-11-05,109.41,2019-11-07,108.55,-0.86,-0.79,115.39,2
2455.TW,2019-12-30,100.01,2020-01-07,102.14,2.13,2.13,106.84,8
2455.TW,2020-05-04,74.71,2020-05-06,74.96,0.25,0.33,76.93,2
2455.TW,2020-05-11,82.91,2020-05-15,80.43,-2.48,-2.99,85.05,4
2455.TW,2020-06-22,77.18,2020-06-30,76.93,-0.25,-0.32,79.32,8
2455.TW,2020-07-01,79.18,2020-07-13,84.89,5.71,7.21,89.19,12
2455.TW,2020-09-14,74.34,2020-09-21,73.82,-0.52,-0.7,75.93,7
2455.TW,2020-11-13,77.33,2020-11-25,80.49,3.16,4.09,82.43,12
2455.TW,2020-12-03,90.51,2020-12-04,86.12,-4.39,-4.85,92.27,1
2455.TW,2020-12-08,90.51,2020-12-14,97.54,7.03,7.77,104.57,6
2455.TW,2021-01-05,104.57,2021-01-08,101.94,-2.63,-2.52,107.21,3
2455.TW,2021-03-24,99.3,2021-03-25,95.79,-3.51,-3.53,103.69,1
2455.TW,2021-03-26,97.98,2021-04-13,107.65,9.67,9.87,114.24,18
2455.TW,2021-06-02,102.38,2021-06-07,100.18,-2.2,-2.15,102.38,5
2455.TW,2021-06-24,111.6,2021-07-01,117.31,5.71,5.12,129.18,7
2455.TW,2021-09-02,122.47,2021-09-08,121.12,-1.35,-1.1,127.4,6
2455.TW,2021-10-21,114.84,2021-11-03,125.61,10.77,9.38,133.68,13
2455.TW,2021-11-25,136.82,2021-11-29,129.2,-7.62,-5.57,139.07,4
2455.TW,2021-11-30,141.31,2021-12-02,135.93,-5.38,-3.81,145.8,2
2455.TW,2022-03-23,107.66,2022-03-28,103.18,-4.48,-4.16,108.56,5
2455.TW,2022-03-30,108.56,2022-03-31,106.32,-2.24,-2.06,108.56,1
2455.TW,2022-06-01,87.03,2022-06-09,86.67,-0.36,-0.41,89.54,8
2455.TW,2022-08-26,69.82,2022-08-30,66.51,-3.31,-4.74,70.1,4
2455.TW,2022-09-01,70.76,2022-09-02,67.93,-2.83,-4.0,71.42,1
2455.TW,2022-11-08,58.68,2022-11-22,64.44,5.76,9.82,69.25,14
2455.TW,2023-01-09,71.7,2023-01-13,74.63,2.93,4.09,77.36,4
2455.TW,2023-01-31,82.93,2023-02-06,77.65,-5.28,-6.37,83.87,6
2455.TW,2023-03-22,85.19,2023-03-24,84.25,-0.94,-1.1,85.85,2
2455.TW,2023-03-29,89.82,2023-03-30,87.74,-2.08,-2.32,93.87,1
2455.TW,2023-04-11,95.29,2023-04-14,87.55,-7.74,-8.12,97.65,3
2455.TW,2023-06-01,99.53,2023-06-19,116.52,16.99,17.07,123.12,18
2455.TW,2023-07-25,123.01,2023-07-26,114.36,-8.65,-7.03,123.97,1
2455.TW,2023-07-31,124.45,2023-08-02,122.05,-2.4,-1.93,132.14,2
2455.TW,2023-08-07,123.49,2023-08-08,124.93,1.44,1.17,124.45,1
2455.TW,2023-08-31,141.27,2023-09-11,148.95,7.68,5.44,148.47,11
2455.TW,2023-10-17,153.28,2023-10-18,146.07,-7.21,-4.7,153.76,1
2455.TW,2023-11-24,161.45,2023-11-28,159.04,-2.41,-1.49,175.86,4
2455.TW,2023-11-30,164.33,2023-12-05,162.41,-1.92,-1.17,169.13,5
2455.TW,2024-02-15,133.58,2024-02-29,157.6,24.02,17.98,162.89,14
2455.TW,2024-06-18,158.56,2024-06-26,159.64,1.08,0.68,170.35,8
2455.TW,2024-07-08,181.05,2024-07-15,178.62,-2.43,-1.34,193.22,7
2455.TW,2024-09-03,148.93,2024-09-05,133.84,-15.09,-10.13,149.42,2
2455.TW,2024-09-24,142.6,2024-10-01,167.43,24.83,17.41,171.32,7
2455.TW,2024-11-22,158.67,2024-11-28,158.67,0.0,0.0,165.48,6
2455.TW,2024-12-02,168.4,2024-12-04,164.02,-4.38,-2.6,174.24,2
2455.TW,2024-12-19,161.59,2024-12-20,167.91,6.32,3.91,164.51,1
2455.TW,2025-05-13,105.61,2025-05-20,104.15,-1.46,-1.38,109.51,7
2455.TW,2025-06-13,117.78,2025-06-20,119.5,1.72,1.46,123.62,7
2455.TW,2025-07-16,140.5,2025-07-22,136.0,-4.5,-3.2,141.5,6
2455.TW,2025-07-28,150.0,2025-08-01,,,,153.0,4
2455.TW,2025-08-28,157.0,2025-09-03,151.5,-5.5,-3.5,159.0,6
2455.TW,2025-09-19,167.5,2025-09-24,161.5,-6.0,-3.58,169.5,5
2455.TW,2025-11-11,157.0,2025-11-12,153.0,-4.0,-2.55,157.5,1
2455.TW,2025-11-14,155.0,2025-11-17,153.5,-1.5,-0.97,157.0,3
2455.TW,2025-12-26,154.0,2025-12-31,154.0,0.0,0.0,158.0,5
2455.TW,2026-01-16,170.0,2026-01-22,182.5,12.5,7.35,196.0,6
2455.TW,2026-02-11,194.0,2026-02-23,185.5,-8.5,-4.38,194.0,12
2455.TW,2026-02-24,187.5,2026-03-05,232.0,44.5,23.73,262.0,9
2455.TW,2026-03-26,274.0,2026-03-27,262.0,-12.0,-4.38,293.0,1
2455.TW,2026-03-30,264.5,2026-04-01,261.0,-3.5,-1.32,273.5,2
